plu,product_name,web_description,category,sub_category,single_serve,vegetarian,vegan,gluten_free,package_size,size_g,price_cad,in_stock,ingredients,allergens,serving_size,serving_g,calories,fat_g,sat_fat_g,carbs_g,fibre_g,sugars_g,protein_g,cholesterol_mg,sodium_mg,potassium_mg
437,Six Cheese Tortellini,"Our exclusive recipe of tortellini filled with ricotta and romano cheeses in a parmesan tomato sauce and topped with part skim mozzarella, asiago and gouda cheeses.",Single serve,Classic Entrées,Y,N,N,N,300 g,300,4.99,Y,"Cooked pasta (enriched wheat flour, water, ricotta cheese [modified milk ingredients, vinegar, salt, xanthan, carob bean and guar gums], romano cheese [cow and/or sheep milk, bacterial culture, salt, microbial enzyme], garlic powder, canola oil, onion powder, salt, spices), Water, Tomatoes (tomatoes, tomato juice, calcium chloride, citric acid), Part skim mozzarella, asiago, gouda and parmesan cheeses (milk, salt, calcium chloride, bacterial culture, microbial enzyme, cellulose, lipase), Onions, Chicken broth, Canola oil, Tomato paste, Garlic puree (garlic, water), Sugar, Modified corn starch, Salt, Potassium chloride, Spices. Contains: Wheat, Milk.","Milk, Gluten",1 tray (300 g),300,370,10,4.5,53,5,7,17,20,650,750
5046,Angus Beef Burgers,"These gluten-free beef burgers are 100% delicious and 100% Angus beef. Ready to grill from frozen, serve these tender burgers on a warm bun with your favourite toppings for a quick and easy barbecue meal that’s sure to satisfy. *<sup>TM</sup>Trademark of the Celiac Canada. Used under license.",,Burgers,N,N,N,Y,852 g,852,19.99,Y,"Angus beef, Water, Seasoning (sea salt, spices).",,1 burger (142 g),142,340,27,12,0,0,0,25,90,370,400
755,Apple Blossoms®,"Flaky, sugar-glazed pastry with a Canadian Northern Spy apple filling, topped with a crunchy brown sugar and oats crumble.",Desserts,Pies & Pastries,N,Y,N,N,230 g,230,4.99,Y,"Apples, Enriched wheat flour, Palm oil shortening, Sugars (sugar, brown sugar, dextrose), Water, Glaze (sugar, agar), Modified corn starch and/or modified tapioca starch, Liquid whole egg, Oats, Salt, White vinegar, Concentrated lemon juice, Cinnamon, Yeast, Flavour, Amylase, Pentosanase, Protease, Caramel. Contains: Wheat, Egg, Oats, Milk. May Contain: Tree nuts, Soy.","Egg, Soy, Treenuts, Milk, Gluten",1 pastry (115 g),115,360,17,8,47,2,17,5,5,310,100
836,Apple Butter BBQ Sauce,A rich barbecue sauce made from vine-ripened tomatoes with real apple and a hint of smoke flavour.,Pantry essentials,Sauces,N,Y,N,N,425 mL,,6.99,Y,"Sugars (sugar, concentrated apple pulp, concentrated apple juice, blackstrap molasses, concentrated pineapple juice, tamarind), Water, Tomato paste, White vinegar, Modified corn starch, Salt, Caramel, Concentrated lemon juice, Spices, Dehydrated garlic, Dehydrated onions, Natural smoke flavour.",,2 tbsp (30 mL),,60,0,0,16,0,15,0,0,140,100
156,Apple Butter Pork Tenderloin,Enjoy the fruits of our labour. We take a tender pork tenderloin and marinate it with a carefully blended apple butter marinade for a sweet flavour reminiscent of old-fashioned home cooking.,Butcher,Roasts,N,N,N,N,400 g,400,14.99,Y,"Pork, Water, Sugars (sugar, corn maltodextrin, brown sugar, apple powder, molasses), Modified corn starch, Salt, Sodium phosphate, Malic acid, Flavour, Caramel powder, Soy sauce powder (soybeans, salt, sugars [corn maltodextrin]), Spices, Spice extracts. Contains: Soy.",Soy,about 1/3 tenderloin (125 g),125,140,2,1,6,0,5,24,55,330,400
762,Apple Crisps,Take a scrumptious bite into Autumn flavour any time of the year with our crave-worthy apple crisps. A divine apple filling with a hint of cinnamon gets hand-topped with rolled oats and brown sugar crumble for an irresistibly sweet treat.,Desserts,Pies & Pastries,N,Y,N,N,228 g,228,4.99,Y,"Apples, Sugars (brown sugar, sugar), Enriched wheat flour, Butter, Oats, Water, Modified corn starch and/or Modified tapioca starch, Concentrated lemon juice, Cinnamon, Salt. Contains : Wheat, Oats, Milk. May contain: Egg, Tree nuts, Soy.","Egg, Soy, Treenuts, Milk, Gluten",1 cup (114 g),114,220,4,3,42,2,29,2,15,105,125
4644,Asian Party Pack,"Discover a world of flavour with our Asian Party Pack, featuring a selection of 4 Asian-inspired bites that bake up together in 20 minutes. Perfect when paired with our dipping sauces, this tempting quartet is ideal as a quick snack or for pleasing a crowd. This pack has something for everyone: Breaded Chicken Breast Bites, Mini Vegetable Spring Rolls, Breaded Pork Loin Bites and Mini Pork Potstickers.",Appetizers,Party Packs,N,N,N,N,632 g,632,17.99,Y,"Mini vegetable spring rolls: Cabbage, Water, Enriched wheat flour, Canola oil, Carrots, Green beans, Water chestnuts, Corn, Peas, Onions, Modified corn starch, Salt, Sugar, Liquid whole egg, Sesame oil, Spices. Mini pork potstickers: Enriched wheat flour, Cabbage, Seasoned pork (pork, water, salt, rosemary oil), Water, Canola oil, Frozen egg-white, Celery, Water chestnuts, Sugar, Onions, Salt, Modified corn starch, Frozen whole egg, Spices, Dehydrated garlic, Sodium propionate, Mono- and diglycerides, Sodium stearoyl-2- lactylate. Breaded pork sirloin bites: Boneless pork sirloin pieces, Enriched wheat flour, Frozen egg white, Water, Canola oil, Salt. Breaded chicken breast bites: Chicken breast pieces, Enriched wheat flour, Frozen egg white, Water, Canola oil, Salt. Contains: Egg, Wheat, Sesame. May contain: Soy.","Sesame seeds, Egg, Soy, Gluten",,,210,10,0.5,26,3,2,4,0,270,150
4701,Assorted Design Swedish Sponge Cloths,"<b>Sold individually.</b> Made from cotton and plant-based cellulose fibers, these compostable cloths are an established must-have in Scandinavia. They offer a sustainable alternative to sponges, dishcloths and paper towels and become soft and pliable when wet for easy clean-up. Super absorbent, Reusable, Machine washable (200+ times), Compostable, Long lasting, Sustainable, 70% cellulose, 30% cotton, W 6.5"" x L 8"", Streak free, Dries quickly, Odor resistant, Wash warm, lay flat to dry, Made in Sweden.",Kitchen essentials,Impulse General Merchandise,N,N,N,N,,,4.99,Y,,,,,,,,,,,,,,
4185,Bacon and Cheddar Omelette Bites,Fluffy golden two-bite whole egg omelettes with real bacon and Canadian cheddar cheese.,Single serve,Quiche,Y,N,N,N,227 g,227,7.99,Y,"Liquid whole egg, Water, Cheddar cheese (milk, salt, calcium chloride, bacterial culture, microbial enzyme, cellulose), Bacon (pork, water, salt, sugars [sugar,smoked sugar,dextrose], sodium phosphate, sodium erythorbate, sodium ascorbate, sodium nitrite, smoke flavour, smoke), Milk ingredients, Canola oil and/or Soybean oil, Modified corn starch, Salt, Xanthan gum, Citric acid, Natural flavour. Contains: Egg, Milk, Soy.","Egg, Soy, Milk",2 omelette bites (114 g),114,220,16,6,3,0,4,17,240,610,100
5086,Bacon Double Cheeseburger Flatbread,"This flatbread packs all the flavours of a classic cheeseburger into every bite. A stone-baked crust is topped with smoky chipotle BBQ sauce, mozzarella and cheddar cheeses, savoury beef, and bacon crumbles for that signature cheeseburger taste. Add sliced pickles, shredded lettuce, and your favourite burger sauce for an extra hit of wow.",Prepared meals,Pizza,N,N,N,N,470 g,470,12.99,Y,"Crust (enriched wheat flour, water, extra virgin olive oil, yeast, sugar, salt, L-cysteine), Toppings (cooked beef [beef, tomato puree {water, tomato powder, salt, citric acid}, green chili peppers, seasoning {salt, spices, dehydrated onions and garlic, spice extracts}, onions, jalapeño peppers, sodium phosphates, natural flavour], bacon crumbles [pork, salt, sugar, hickory smoke flavour, water, sodium phosphates, lemon juice powder {corn syrup, lemon juice solids, natural flavour}, sodium erythorbate, sodium nitrite], mozzarella cheese [milk, modified milk ingredients, salt, calcium chloride, bacterial culture, microbial enzyme], cheddar cheese [milk, salt, calcium chloride, bacterial culture, microbial enzyme, annatto, cellulose], chipotle barbecue sauce [water, sugars {glucose-fructose, brown sugar}, tomato paste, worcestershire sauce {vinegar, blackstrap molasses, glucose, water, salt, caramel, garlic powder, sugar, spices, tamarind, natural flavour, sulphites}, vinegar, salt, modified corn starch, dried garlic, onion powder, crushed chilies, chipotle peppers, spices, spice extracts, natural flavour, yeast extract, caramel]). Contains: Wheat, Milk. May contain: Egg, Soy, Mustard.","Egg, Soy, Milk, Gluten, Mustard",1/2 flatbread (235 g),235,620,24,11,74,4,11,28,50,1260,350
2,Bacon Wrapped Beef Filet Mignons,"Aged for a minimum of 14 days and cut from the tenderloin, these juicy steaks are carefully wrapped in smoky, succulent bacon. They come in a handy six-pack — just the right size when company’s coming.",Butcher,Steaks,N,N,N,N,4 oz / 678 g,678,64.99,Y,"Beef, Bacon (pork, water, salt, sodium erythorbate, sodium phosphate, spices, sodium nitrite, smoke).",,1 portion (113 g),113,260,20,9,0,0,0,19,70,160,350
51,Bacon Wrapped Beef Filet Mignons,"Aged for a minimum of 10 days and cut from the tenderloin, these juicy steaks are carefully wrapped in smoky, succulent bacon. They come in a package of four, so they’re perfect for small families.",Butcher,Steaks,N,N,N,N,6 oz / 680 g,680,64.99,Y,"Beef, Bacon (pork, water, salt, sodium erythorbate, sodium phosphate, spices, sodium nitrite, smoke).",,1 portion (170 g),170,300,21,9,1,1,0,26,95,240,500
56,Bacon Wrapped Beef Top Sirloin Steaks,"These bold, beefy steaks are carved from perfectly aged, tender top sirloin and then wrapped with a smoky slice of bacon for superb flavour, easily making this a barbecue favourite.",Butcher,Steaks,N,N,N,N,5 oz / 568 g,568,29.99,Y,"Beef, Bacon (pork, water, salt, sodium phosphate, sodium erythorbate, sodium nitrite, smoke).",,1 steak (142 g),142,260,16,6,0,0,0,29,80,280,450
208,Bacon Wrapped Chicken,"We season these incredibly juicy boneless skinless chicken breasts to perfection, and then take them to the next level by wrapping a slice of meaty side bacon around each one. You simply grill or bake them, and enjoy.",Butcher,Seasoned & Marinated Chicken,N,N,N,N,568 g,568,17.99,Y,"Chicken Breast (Chicken, Water, Salt, Sodium Phosphate, Rosemary Extract, Green Tea Extract), Bacon (Pork, Water, Salt, Sodium Phosphate, Sodium Erythorbate, Sodium Nitrite, Smoke). May Contain: Egg.",Egg,1 portion (142 g),142,180,9,3,0,0,0,24,85,610,350
4286,Bacon Wrapped Jalapeño Shooters®,"Fall in love at first bite with our irresistible Bacon Wrapped Jalapeño Shooters - a bold blend of smoky bacon, creamy filling, and just the right kick of heat. Whether you're hosting, snacking, or adding some spark to mealtime, these little flavour bombs bring the perfect balance of indulgence and spice. Ready when you are. *Trademark of Celiac Canada. Used under license.",Appetizers,Bacon Wrapped,N,N,N,Y,255 g,255,12.99,Y,"Jalapeño peppers (water, salt, acetic acid), Cream cheese (milk ingredients, salt, carob bean gum, bacterial culture), Bacon (pork, water, salt, sugar, natural smoke flavour, sodium phosphate, sodium erythorbate, sodium nitrite, smoke). Contains: Milk.",Milk,4 pieces (85 g),85,140,12,6,3,1,1,6,30,590,100
4285,Bacon Wrapped Scallop Medallions,"Combining the best of land and sea, this stunning appetizer allows you to pass on the prep and get straight to serving something delicious. We wrap scallop medallions with a perfectly smoked half slice of bacon for a bite beyond compare. Ready in under 30 minutes in the oven, so you can enjoy their irresistible flavour and convenience. *Meets M&M Food Market<sup>TM</sup> sustainability guidelines.",Appetizers,Bacon Wrapped,N,N,N,N,300 g,300,19.99,Y,"Scallop Medallions (scallops, Sodium caseinate, maltodextrin, transglutaminase), Bacon (pork, water, sugars [sugar*, brown sugar*], salt, potassium chloride*, sodium phosphate, flavour*, sodium erythorbate, sodium nitrite, spices*, smoke). *May or may not be present. Contains: Scallops, Milk.","Shellfish, Milk",3 pieces (75 g),75,150,11,4.5,2,0,0,11,40,320,200
4388,Barbecue Chicken Wings,"Fully cooked, seasoned chicken wing drumettes and winglets, glazed in our exclusive barbecue style recipe.",,Wings & Chunks,N,N,N,N,680 g,680,12.99,Y,"Chicken wings (drumettes and winglets), Water, Soybean oil, Soy protein product, Salt, Modified corn starch, Tomato powder, Sugars (sugar, corn maltodextrin), Spices, Vinegar, Onion powder, Yeast extract, Garlic powder, Worcestershire sauce blend (vinegar, refiners’ molasses, corn syrup, salt, caramel, garlic powder, sugar, spices, tamarind, flavour), Spice extracts, Xanthan gum. Contains: Soy.",Soy,about 3 wings (100 g),100,170,10,2.5,2,0,0,18,100,560,250
4284,Battered Haddock,"When fish ‘n chips cravings strike, our delicate battered haddock takes the call. Sustainably sourced, these haddock tenders are flaky and delicately flavoured for an irresistible bite. * Meets M&M Food Market sustainability guidelines.<br><br>This product is temporarily available under two product numbers. If there is no stock available at the store you have selected, see <a href=""/en/products/battered-haddock-fillets"">Battered Haddock Fillets</a>.",Seafood,Breaded & Battered Fish,N,N,N,N,680 g,680,27.99,Y,"Haddock, Canola oil, Toasted wheat crumbs, Water, Enriched wheat flour, Modified corn starch, Wheat starch, Salt, Sugars (dextrose, sugar, corn maltodextrin), Soy protein isolate, Modified palm oil, Baking powder, Defatted soy flour, Sodium caseinate, Flavour(annatto, turmeric, milk), Yeast extract, Yellow corn flour, Guar gum, Spices. Contains: Haddock, Wheat, Soy, Milk.","Fish, Soy, Milk, Gluten",1 piece (97 g),97,170,8,1,11,0,2,14,35,190,225
5015,Beef and Bacon Skewers,"Mini-skewers with bite-size seasoned beef tenderloin and smoked bacon.<br><br>This product is temporarily available under two product numbers. If there is no stock available at the store you have selected, see <a href=""/en/products/beef-and-bacon-skewers"">Beef and Bacon Skewers</a>.",,Mini Skewers,N,N,N,Y,360 g,360,26.99,Y,"Beef, Bacon (pork, water, salt, sodium phosphate, sodium erythorbate, sodium nitrite, smoke), Water, Salt, Spices, Sodium phosphate, Sugar, Dehydrated garlic, Flavour.",,5 skewers (120 g),120,170,9,4,0,0,0,22,50,360,350
4162,Beef and Mushroom Pot Pie,"We make the shortcrust pastry for this pie just like your grandmother did; golden and super-flaky, This single-serve container is ideal for a rich, savoury braised beef and veg filling.",Single serve,Pot Pies,Y,N,N,N,225 g,225,5.99,Y,"Filling: Water, Cooked beef (beef, modified corn starch, salt, flavour, spices, spice extracts, sugars [dextrose], caramel, onions, garlic, parsley, xanthan gum), Mushrooms, Onions, Carrots, Potatoes, Peas, Rendered beef fat, Corn starch, Salt, Enriched wheat flour, Caramel, Garlic powder, Spices. Pastry: Enriched wheat flour, Soybean oil, Water, Sugars (dextrose), Salt, Sodium bicarbonate. Contains: Wheat.",Gluten,1 pie (225 g),225,640,40,17,55,2,5,14,25,650,300
4429,Beef Chili,"Scratch that comfort-food itch tonight! Packed with tender ground beef, tomatoes, red kidney and pinto beans, onions, celery, zesty spices and more, our homestyle chili is the perfect warmup with zero prep required. Ready in minutes from the microwave.",Single serve,Classic Entrées,Y,N,N,N,300 g,300,4.99,Y,"Beef, Water, Diced tomatoes (tomatoes, tomato juice, citric acid, calcium chloride), Red kidney beans, Pinto beans, Onions, Celery, Tomato paste, Modified corn starch, Chili powder (spices, salt, garlic powder), Salt, Caramel, Sugar, Dehydrated onions, Xanthan gum, Spices.",,1 tray (300 g),300,340,15,6,26,16,3,25,60,900,850
4151,Beef Empanada Bites,"Enjoy Latin American flavour in delicious two-bite servings. Our mildly spiced empanadas are filled with crumbled beef, cheddar cheese, peppers and onions. Just pop them in the oven for a simple shareable or solo comfort snack in only 10 minutes.",Appetizers,Meat & Poultry,N,N,N,N,240 g,240,6.99,Y,"Pastry: Enriched wheat flour, Water, Canola oil, Cornmeal, Modified palm oil and canola oil shortening, Sugars (dextrose), Salt, Milk, Yeast, Soy lecithin. Filling: Milk ingredients, Cheddar cheese (milk, salt, calcium chloride, bacterial culture, microbial enzyme, annatto), Lean ground beef, Cooked beef crumbles (beef, water, salt, sodium phosphate, natural flavour), Onions, Red bell peppers, Green bell peppers, Jalapeño peppers (jalapeño peppers, vinegar, salt, natural flavours), Modified corn starch, Soy lecithin, Corn starch, Green onions, Garlic, Modified cellulose, Salt, Onion powder, Natural flavours (contain yeast extract, salt), Spices, Paprika, Cellulose, Annatto extract. Contains: Wheat, Soy, Milk. May contain: Egg, Mustard, Sesame.","Sesame seeds, Egg, Soy, Milk, Gluten, Mustard",4 pieces (80 g),80,220,9,3,27,1,3,7,15,290,100
4463,Beef Lo Mein Kit,"Experience the simplicity of one pot prep – This kit has everything you need to whip up a Lo Mein masterpiece. We’ve slow cooked the beef, sliced the veggies and included the soy and ginger sauce, so all you need to bring is your appetite.",Prepared meals,Meal Kits,N,N,N,N,907 g,907,19.99,Y,"Noodles (enriched wheat flour, water, beta-carotene), Cooked seasoned beef strips (beef, water, modified corn starch, seasoning [sugar, soy sauce powder, sherry wine powder, garlic powder, spices, lemon powder, oyster juice powder, sesame oil, whey protein concentrate, sulphites], salt, sodium phosphate, spices, caramel), Sauce (sugars [sugar, glucose, brown sugar, blackstrap molasses], water, soy sauce [soybeans, maltodextrin, salt], rice vinegar, ginger, modified corn starch, white vinegar, sesame oil, soybean oil, canola oil, garlic powder, spices, yeast extract, xanthan gum, citric acid, sodium benzoate, potassium sorbate), Broccoli, Carrots, Onions, Red bell peppers, Yellow bell peppers, Green bell peppers. Contains: Wheat, Soy, Oyster, Sesame, Milk, Sulphites. May contain: Egg.","Sesame seeds, Egg, Soy, Shellfish, Milk, Gluten, Sulfites",1/3 of bag (300 g),300,490,6,2,83,3,22,26,30,860,500
5034,Beef Stroganoff Meal Kit,"Our signature kit of braised beef and sliced mushrooms, with egg noodles and a creamy sauce.",,Meal Kits,N,N,N,N,907 g,907,22.99,Y,"Stroganoff sauce (water, onions, cream [cream, milk, cellulose gum, guar gum, locust bean gum, mono- and diglycerides, carrageenan], sour cream [skim milk, cream, modified milk ingredients, modified corn starch, bacterial culture, carrageenan, guar gum, locust bean gum, sodium citrate], milk, canola oil, red cooking wine [wine, salt, sulphites], roast beef flavour [flavour, salt, beef stock, yeast extract, onion powder], modified corn starch, butter, roasted mushroom flavour [sugars {corn maltodextrin, tapioca maltodextrin, sweet potato maltodextrin, sugar}, yeast extract, flavour, salt, acacia gum, sunflower oil, spices], salt, spices, xanthan gum, herbs), Beef and mushroom blend (beef, mushrooms [mushrooms, water, salt, citric acid, ascorbic acid, sodium benzoate, potassium sorbate], water, gravy [modified corn starch, sugar, tomato powder, caramel powder], modified vinegar, seasoning [yeast extract, flavour, salt], yeast extract, spices, dehydrated garlic, dehydrated onions), Cooked egg noodles (egg noodles [enriched durum wheat semolina, dried whole egg], water, canola oil). Contains: Wheat, Milk, Egg.","Egg, Milk, Gluten",1/3 of package (300 g),300,330,12,4.5,34,2,3,22,70,800,450
4153,Beef Teriyaki Kit,"Our signature kit of braised beef, rice, broccoli, carrots and onions with teriyaki sauce. Perfectly prepped and portioned for a simple stovetop finish in less than 20 minutes.",Prepared meals,Meal Kits,N,N,N,N,907 g,907,19.99,Y,"Cooked rice (water, rice), Seasoned beef (beef, water, modified corn starch, seasoning [sugar, soy sauce powder, sherry wine powder, garlic powder, spices, lemon powder, oyster juice powder, sesame oil, whey protein concentrate], salt, sodium phosphate, spices, caramel), Vegetable blend (broccoli, carrots, onions), Teriyaki sauce (water, sugars [brown sugar, sugar], crushed pineapple [pineapple, pineapple juice, ascorbic acid], ginger puree, soy sauce [fermented soybeans, maltodextrin, salt], canola oil, chopped garlic, modified corn starch, salt, roasted sesame oil, black pepper, citric acid, caramel, yeast extract, xanthan gum, natural flavour [contains autolyzed yeast], potassium sorbate). Contains: Soy, Wheat, Oyster, Sesame, Milk, Sulphites.","Sesame seeds, Soy, Shellfish, Milk, Gluten, Sulfites",1/3 of bag (300 g),300,310,6,2,43,2,11,20,35,810,350
4945,Bilingual Reusable Cooler Waffle Bag,"M&amp;M Food Market cooler bag is designed to help keep your frozen foods chilled. This stylish insulated tote bag is easy to clean and comes complete with a zip closure and a thermal inner lining, while still being able to fold flat when not in use.&nbsp;",Kitchen essentials,Bags / Boxes,N,N,N,N,,,4.99,Y,,,,,,,,,,,,,,
4304,BISTRO CHICKEN® Ricotta & Spinach,"Our exclusive recipe of seasoned boneless chicken breast cutlette, stuffed with ricotta cheese and spinach.",Butcher,Stuffed Chicken,N,N,N,N,114 g,114,4.99,Y,"Chicken (chicken, water, soy protein product, salt, onion powder, garlic powder, spice extracts), Stuffing (ricotta whey and parmesan cheeses [milk ingredients, cheese cultures, lactic acid, salt, sodium carbonate, bacterial culture, microbial enzyme, lipase, sodium hydroxide, calcium chloride, cellulose], spinach, onions, spices, garlic powder), Glaze (water, sugars [corn maltodextrin, sugar], modified palm oil, tomato powder, dried garlic, parmesan cheese, dried onions, salt, spices, modified corn starch, romano cheese, dried parsley, xanthan gum). Contains: Milk, Soy.","Soy, Milk",1 portion (114 g),114,120,3,1.5,6,4,0,17,25,390,400
4303,BISTRO CHICKEN® Swiss,"Our exclusive recipe of seasoned boneless chicken breast cutlette, stuffed with processed swiss cheese and smoked ham.",Butcher,Stuffed Chicken,N,N,N,N,114 g,114,4.99,Y,"Chicken (chicken, water, soy protein product, salt, onion powder, garlic powder, spice extract), Stuffing (processed swiss cheese [cheese {milk ingredients, salt, bacterial culture, calcium chloride, microbial enzyme, propionic culture}, modified milk ingredients, water, sodium citrate, potassium phosphate, potassium citrate, sodium phosphate, potassium sorbate, salt, citric acid], smoked ham), Glaze (sugars [corn maltodextrin, sugar], modified corn starch, water, modified palm oil, tomato powder, dried garlic, parmesan cheese, xanthan gum, dried onions, salt, spices, romano cheese, dried parsley). Contains: Milk, Soy.","Soy, Milk",1 portion (114 g),114,160,8,4.5,4,2,1,19,45,540,400
4257,Bavette Steaks,"Seasoned and tenderized beef bavette bottom sirloin flap steaks. Known for their consistent tenderness from medium rare to medium well, these seasoned, juicy, ultra-tender steaks are a crowd favourite for a sizzling steakhouse-style experience, any way you like them.",Butcher,Steaks,N,N,N,N,340 g,340,22.99,Y,"Beef, Water, Salt, Sugars (glucose solids), Hydrolyzed soy protein, Spices, Papain. Contains: Soy.",Soy,about 2/3 steak (125 g),125,130,5,2,0,0,0,22,60,470,350
4059,Bistro-style Green Beans,"Frozen at their peak for ultimate freshness, green beans and diced red peppers are lightly seasoned with extra-virgin olive oil sea salt and garlic.",Vegetables,Seasoned Vegetables,N,Y,Y,N,300 g,300,4.99,Y,"Green Beans, Red Bell Peppers, Water, Extra Virgin Olive Oil, Garlic, Sea Salt, Rice Starch, Potato Flakes, Corn Flour, Parsley, Sunflower Oil. May Contain: Wheat, Barley, Oats, Spelt.","Soy, Gluten",1 cup (100 g),100,45,3,0.5,3,5,2,2,0,90,225
4236,Blueberry Bliss Cheezecake,"Dairy-free, gluten-free and full of flavour, the rich texture of this cheesecake-style dessert is sure to delight with every bite. With a graham cracker crumb crust and vibrant blueberry topping, this dazzling dessert serves a perfect balance of tart, smooth and sweet. *Trademark of Celiac Canada. Used under license.",Desserts,Cheesecake,N,Y,Y,Y,600 g,600,17.99,Y,"Dairy-free filling (water, palm oil, maltodextrin, non-GMO soy protein, non-GMO tofu, non-dairy lactic acid, sugar, locust bean gum, guar gum, xanthan gum, salt), Sugars (cane sugar, brown rice syrup), Blueberries, Tofu (water, soybeans, gluconolactone, magnesium chloride), Gluten free flour blend (arrowroot starch, defatted soy flour, tapioca starch, brown rice flour, chickpea flour, sorghum flour, xanthan gum), Lemon juice, Filtered water, Vanilla paste (sugar, water, natural vanilla extract, vanilla beans), Soy lecithin, Palm oil shortening, Canola oil, Baking soda, Sea salt. Contains: Soy. May contain: Peanuts, Tree nuts, Sesame.","Peanuts, Sesame seeds, Soy, Treenuts",1/5 of cake (120 g),120,410,24,11,45,1,32,3,0,250,75
36,Boneless Beef Top Sirloin Steaks,"Aged to perfection for a minimum of 32 days, these tender, juicy 5-oz steaks cook up beautifully on the grill or stovetop. Available in packs of four, they’re perfectly portioned for hearty dinners with your favourite sides.",Butcher,Steaks,N,N,N,N,568 g,568,26.99,Y,,,Per 1 steak (142 g) This information is not on the packaging,142,200,8,3.5,0,0,0,31,85,75,
4030,"Boneless, Skinless Chicken Breasts","Our boneless, skinless seasoned chicken breasts are expertly flash frozen to ensure a consistently high-quality experience every time. Ready to cook straight from the freezer, the tender white breast meat is a delicious and versatile option for everything, from a main entrée to a sandwich and salad topper or as an ingredient in your favourite chicken recipes.",Butcher,Seasoned & Marinated Chicken,N,N,N,N,680 g,680,21.99,Y,"Chicken, Water, Salt, Sodium phosphate.",,1 about breast (125 g),125,100,1,0.4,0,0,0,22,70,270,400
5205,Boneless Chicken Breasts,"Our boneless, skinless seasoned chicken breasts are expertly flash frozen to ensure a consistently high-quality experience every time. Ready to cook straight from the freezer, the tender boneless breast meat is a delicious and versatile option for everything, from a main entrée to a sandwich and salad topper or as an ingredient in your favourite chicken recipes.<br><br>This product is temporarily available under two product numbers. If there is no stock available at the store you have selected, see <a href=""/en/products/boneless-skinless-chicken-breasts"">Boneless, Skinless Chicken Breasts</a>.",Butcher,Seasoned & Marinated Chicken,N,N,N,N,1.36 kg,1360,39.99,Y,"Chicken, Water, Salt, Sodium phosphate.",,about breast (125 g),125,100,1,0.4,0,0,0,22,70,270,400
4380,Boneless Rib Style Pork Cutlettes,"Fully cooked and perfectly seasoned, rib shaped boneless pork cutlettes.",Butcher,Pork Dishes,N,N,N,N,680 g,680,12.99,Y,"Pork, Water, Sugar (brown sugar), Salt, Sodium phosphate.",,1 piece (113 g),113,280,21,8,1,0,1,22,70,500,350
205,"Boneless, Skinless Chicken Breasts","Our boneless, skinless seasoned chicken breasts are expertly flash frozen to ensure a consistently high-quality experience every time. Ready to cook straight from the freezer, the boneless white breast meat is a delicious and versatile option for everything, from a main entrée to a sandwich and salad topper or as an ingredient in your favourite chicken recipes.<br><br>This product is temporarily available under two product numbers. If there is no stock available at the store you have selected, see <a href=""/en/products/boneless-chicken-breasts-5205"">Boneless Chicken Breasts</a>.",Butcher,Seasoned & Marinated Chicken,N,N,N,N,1.36 kg,1360,39.99,Y,"Chicken, Water, Salt, Sodium Phosphate.",,1 average breast (125 g),125,100,1,0.5,0,0,0,22,65,470,350
4360,Braised Beef Pappardelle Pasta,"Our signature recipe of tender braised beef in a rich demi-glace sauce, served over pappardelle noodles and topped with herbed parmesan cheese.",Prepared meals,Pasta Dishes,N,N,N,N,850 g,850,17.99,Y,"Cooked pasta (water, durum wheat semolina), Water, Cooked beef rib meat, Onions, Red wine, Tomato paste, Beef flavour demi-glace concentrate (vegetable juice concentrates, sugars [maltodextrin, sugar], wine, cream, salt, beef stock, natural flavour, yeast extract, beef fat), Corn starch, Parmesan cheese, Chicken broth, Canola oil, Salted butter, Garlic puree (garlic, water), Beef flavour (roasted beef including beef juices, salt, natural flavour, potato flour, caramel, corn oil, paprika), Sugar, Salt, Yeast extract, Vegetable base (cooked vegetables, salt, sugars [sugar, maltodextrin], corn oil, potato flour, natural flavour, carrot powder), Disodium inosinate, Disodium guanylate, Herbs, Spices. Contains: Wheat, Sulphites, Milk.","Milk, Gluten, Sulfites",1/ 3 tray (300 g),300,370,11,4,44,3,6,24,35,640,500
5023,Brazilian Style Picanha Steaks,Two beef top sirloin Picanha steaks marinated in a chimichurri seasoning 18% meat protein.,Butcher,Steaks,N,N,N,Y,400 g,400,24.99,Y,"Beef, Spices and herbs, Water, Olive oil, Salt, Onion powder, Roasted garlic, Sea salt, Flavour.",,about 2/3 steak (125 g),125,200,11,4,1,0,0,25,70,310,400
4383,Breaded Calamari Rings,"Restaurant-style, tender calamari rings in a crispy, lightly seasoned coating.",Appetizers,Shrimp & Seafood,N,N,N,N,340 g,340,9.99,Y,"Squid (jumbo squid, water, salt, citric acid, sodium tripolyphosphate), Breading (enriched wheat flour, soybean oil, water, modified tapioca starch, sugar, wheat gluten, salt, modified corn starch, corn starch, soybean flour, yeast, baking powder, xanthan gum, guar gum). Contains: Squid, Wheat, Soy.","Fish, Soy, Shellfish, Gluten",Per 4 rings (125 g),125,290,16,2.5,27,1,1,10,45,630,75
4396,Battered Cheese Curds,"An easy, cheesy, stretchy palate-pleaser, this could be the best thing that ever happened to cheese! Made with cheese curds that are battered to perfection, they deliver both texture and taste in minutes for the ultimate poppable snack or appetizer.",Appetizers,Cheese & Vegetable,N,N,N,N,280 g,280,14.99,Y,"Firm unripened cheese (modified milk ingredients, salt, bacterial culture, calcium chloride, microbial enzyme), Batter (water, enriched wheat flour, modified corn starch, wheat starch, modified palm oil, sugars [sugar, dextrose], salt, baking powder, soy protein isolate, sodium caseinate, modified cellulose, xanthan gum, annatto extract, spice extract), Toasted wheat crumbs, Canola oil. Contains: Milk, Wheat, Soy. May contain: Mustard","Soy, Milk, Gluten, Mustard",Per about 6 pieces (90 g),90,340,24,10,19,1,2,13,40,610,75
185,Breaded Chicken Fillets,"These restaurant-style, crispy tenders deserve centre-of-the-plate status. They’re certified gluten-free, too, so they’re an inclusive dinner choice. *Trademark of Celiac Canada. Used under license.",Butcher,Breaded Chicken,N,N,N,Y,907 g,907,34.99,Y,"Chicken Breast Fillets, Breading (Rice Flour, Water, Yellow Corn Flour, Modified Corn Starch, Vegetable Oil, Salt, Corn Starch, Sugars [tapioca Dextrin, Dextrose, Sugar], Pea Protein Isolate, Garlic Powder, Rice Starch, Flavour, Baking Powder, Roasted Garlic, Onion Powder, Guar Gum, Modified Cellulose, Yeast, Spices, Spice Extracts), Water, Corn Starch, Potassium Chloride, Tetrapotassium Pyrophosphate, Salt, Sugars (Dextrose), Flavour, Onion Powder, Chicken Fat, Yeast Extract, Garlic Powder, Modified Corn Starch, Spices, Spice Extracts.",,about 2 chicken fillets (100 g),100,190,6,0.5,19,0,1,15,40,360,500
4283,Breaded Haddock,"Experience catch-of-the-day freshness with our sustainably sourced Atlantic haddock. Battered and breaded with an irresistibly crispy coating, this tender, flaky serving is sure to satisfy your seafood cravings. * Meets M&M Food Market sustainability guidelines.",Seafood,Breaded & Battered Fish,N,N,N,N,907 g,907,29.99,Y,"Haddock, Toasted wheat crumbs, Canola oil, Water, Modified corn starch, Yellow corn flour, Enriched wheat flour, Corn starch, Salt, Sugars, Baking powder, Garlic powder, Onion powder, Guar gum, Spices. Contains: Haddock, Wheat.","Fish, Gluten",1 piece (108 g),108,220,10,1,22,1,4,11,25,440,225
4289,Broccoli and Cheese Stuffed Potatoes,"Baked Russet Burbank potato halves stuffed with our exclusive blend of potato, broccoli and cheddar cheese. *® Registered trademark of the Canadian Celiac Association. Used under license.",Sides,Potatoes,N,N,N,Y,560 g,560,12.99,Y,"Potatoes, Broccoli, Water, Cheddar cheese, Cheese sauce (whey, cheddar and blue cheeses [cultured milk, salt, enzymes], modified corn starch, flavours, salt, buttermilk, lactic acid, yeast extract, disodium phosphate, turmeric extract, annatto extract), Soybean oil margarine, Cheddar cheese seasoning (cheddar cheese [pasteurized milk, salt, cheese cultures, enzymes], whey, salt, milk ingredients, citric acid, annatto, turmeric, paprika extract). Contains: Milk.",Milk,1 piece (142 g),142,170,5,2.5,24,3,2,6,10,300,650
4241,Broccoli Cheddar Soup,"Crafted with your convenience and appetite in mind, our creamy soup with broccoli and cheddar cheese comes packed with flavour in a perfect portion for quick and easy prep so you can spend time on what matters – Curling up with a delicious bowl of velvety-rich cheddar goodness!",Single serve,Soups,Y,N,N,N,285 g,285,6.99,Y,"Vegetable broth (water, carrots, onions, sugar, celery, canola oil, salt, enriched wheat flour, flavour), Broccoli, Cheddar cheese (milk, modified milk ingredients, cream, salt, bacterial culture, annatto, calcium chloride, microbial enzyme), Milk ingredients (water, whole milk powder), Onions, Cream (cream, guar gum, locust bean gum, carrageenan), Corn starch, Canola oil, Gelatin, Garlic, Soy lecithin, Salt, Yeast extract, Cellulose, Annatto powder. Contains: Wheat, Milk, Soy.","Soy, Milk, Gluten",1 soup (285 g),285,240,15,8,15,3,3,12,30,660,250
4152,Broccoli Gratin,"Broccoli florets in a rich and creamy cheese sauce, topped with crispy parmesan breadcrumbs. There's no better way to enjoy broccoli than covered in a decadent cheese sauce. Sprinkled with parmesan breadcrumbs for a crispy finish, this delicious restaurant-style side goes from freezer to plate in just 35 minutes.",Sides,Scalloped & Gratin,N,N,N,N,500 g,500,12.99,Y,"Broccoli, Partly skimmed milk, Pizza mozzarella cheese (modified milk ingredients, salt, bacterial culture, calcium chloride, microbial enzyme), Whipping cream (milk ingredients, carrageenan, mono- and diglycerides, cellulose gum, polysorbate 80), Cheddar cheese (modified milk ingredients, bacterial culture, salt, calcium chloride, microbial enzyme, annatto), Onions, Cream cheese (milk ingredients, salt, carob bean gum, bacterial culture), Parmesan cheese (pasteurized milk, salt, bacterial culture, calcium chloride, microbial enzyme, lipase, cellulose, natamycin), Toasted wheat crumbs, Enriched wheat flour, Butter, Water, Modified corn starch, Chives, Garlic (garlic, soybean oil, water, citric acid, potassium sorbate), Mustard powder, Salt, Onion powder, Parsley, Hot sauce (chili peppers, sugars [sugars, glucose], water, salt, garlic, vegetable oil, xanthan gum, acetic acid, citric acid, sodium benzoate, potassium sorbate, caramel). Contains: Milk, Wheat, Mustard.","Milk, Gluten, Mustard",1/5 of tray (100 g),100,130,7,4.5,10,2,3,6,20,200,175
536,Bruschetta Flatbread,"Our blazing hot stone-baking method creates the perfect crust: ultra-crispy and decidedly grown-up. Topped with zesty cherry and diced tomatoes and traditional Italian spices, this flatbread makes a delicious app or a satisfying main when paired with a salad.",Prepared meals,Pizza,N,N,N,N,515 g,515,12.99,Y,"Crust: Wheat Flour, Water, Extra Virgin Olive Oil, Yeast, Sugar, Salt, L-cysteine Hydrochloride. Toppings: Mozzarella, Feta And Parmesan Cheeses (Partly Skimmed Milk, Milk And/or Modified Milk Ingredients, Bacterial Culture, Salt, Calcium Chloride, Microbial Enzyme, Lipase, Cellulose, Natamycin), Cherry Tomatoes, Diced Tomatoes, Onions, Extra Virgin Olive Oil, Basil, Salt, Garlic Powder, Oregano. Contains: Wheat, Milk.","Milk, Gluten",1/3 of flatbread (172 g),172,330,10,5,45,4,7,15,15,470,300
4382,Buffalo Chicken Dip,"Indulge in a luscious blend of cream cheese, chicken breast meat, spicy Buffalo sauce and jalapeño flakes, generously topped with cheddar cheese and perfectly accented with diced green onions and a hint of black pepper. Packaged in an oven and microwave-safe tray, this delectable dip is ready to heat and serve for instant gratification or to be scooped out into your favourite serving bowl.",Appetizers,Cheese & Vegetable,N,N,N,N,450 g,450,11.99,Y,"Cream cheese (milk ingredients, bacterial culture, salt, guar gum, locust bean gum), Cream (milk, cream, sodium citrate, sodium phosphate, carrageenan), Chicken breast meat, Medium cheddar cheese (milk, salt, calcium chloride, microbial enzyme, bacterial culture, annatto), Hot sauce (vinegar, aged red cayenne peppers, salt, water, canola oil, paprika, xanthan gum, garlic powder, flavour, dimethyl silicone), Green onions, Modified corn starch, Salt, Green jalapeño pepper flakes, Parsley, Black pepper. Contains: Milk.",Milk,Per 2 tbsp (30 g),30,60,4,3,2,0,1,4,20,180,50
4390,Buffalo Chicken Wings,"Fully cooked, seasoned chicken wing drumettes and winglets, glazed in our exclusive Buffalo style recipe.",Appetizers,Wings & Chunks,N,N,N,N,680 g,680,12.99,Y,"Chicken wings (drumettes and winglets), Water, Aged cayenne red peppers, Soybean oil, Vinegar, Salt, Soy protein product, Modified corn starch, Sodium phosphate, Carrageenan, Garlic powder, Spice extractives, Sugars (corn maltodextrin), Potassium chloride, Smoke flavour, Flavour. Contains: Soy.",Soy,about 3 wings (100 g),100,180,11,2.5,1,0,0,20,65,980,300
761,Bumble Blossoms®,"Flaky, sugar-glazed pastry with a filling of Canadian Northern Spy apples, blueberries, blackberries and raspberries, topped with a crunchy brown sugar and oats crumble.",Desserts,Pies & Pastries,N,Y,N,N,230 g,230,4.99,Y,"Enriched wheat flour, Apples, Palm oil shortening, Sugars (sugar, brown sugar, dextrose), Water, Blueberries, Blackberries, Modified tapioca starch and/or modified corn starch, Raspberries, Glaze (sugar, agar), Liquid whole egg, Oats, Salt, White vinegar, Concentrated lemon juice, Cinnamon, Yeast, Flavours, Caramel, Amylase, Pentosanase, Protease. Contains: Wheat, Oats, Egg, Milk. May contain: Tree nuts, soy.","Egg, Soy, Treenuts, Milk, Gluten",1 pastry (115 g),115,360,16,8,50,3,21,4,5,250,100
229,Butter Chicken,"We use more than a dozen Indian-style spices and seasonings, tomatoes, cream ad butter to create the rich tandoori sauce for this mild but authentic-tasting chicken dish. Fragrant basmati rice included.",Prepared meals,International Entrées,N,N,N,N,2 lb / 907 g,907,14.99,Y,"Sauce (water, cream [cream, skim milk], crushed tomatoes, butter, modified corn starch, onions, sugar, soy lecithin, cream powder, canola oil, natural flavour, salt, garlic base [garlic, canola oil, water, citric acid], chicken stock [chicken stock, natural flavour], ginger base [ginger, water], spices), Cooked basmati rice (water, basmati rice), Cooked seasoned chicken (chicken breast fillets, water, modified corn starch, salt). Contains: Milk, Soy.","Soy, Milk",1/3 tray (300g),300,370,13,8,42,2,1,21,75,370,350
4550,Butter Chicken,"We use more than a dozen Indian-style spices and seasonings, tomatoes, cream and butter to create the rich tandoori sauce for this mild but authentic-tasting chicken dish. Fragrant basmati rice included.",Single serve,Classic Entrées,Y,N,N,N,300 g,300,4.99,Y,"Sauce (water, cream [cream, skim milk], crushed tomatoes, butter, modified corn starch, onions, sugar, soy lecithin, cream powder, canola oil, flavour, salt, garlic base [garlic, canola oil, water, citric acid], chicken stock [chicken stock, flavour], ginger base [ginger, water], spices), Cooked basmati rice (water, basmati rice), Cooked seasoned chicken (chicken breast fillets, water, modified corn starch, salt). Contains: Milk, Soy.","Soy, Milk",1 tray (300 g),300,380,13,8,42,3,3,23,75,410,450
5040,Dipping Sauce Buttermilk Dill,"A delicate blend of buttermilk, dill and parsley.",Pantry essentials,Sauces,N,N,N,N,350 mL,,5.99,Y,"Soybean oil, Water, Sugar, Vinegar, Buttermilk powder, Frozen yolk mix (frozen yolk, salt), Salt, Dehydrated garlic, Xanthan gum, Phosphoric acid, Onion powder, Potassium sorbate, Dehydrated dill, Mustard flour, Dehydrated parsley, Natural flavour, Calcium disodium EDTA. Contains: Milk, Egg, Mustard.","Egg, Milk, Mustard",2 tbsp (30 mL),,130,13,2,4,0,3,0,5,230,20
4296,Butternut Squash Ravioli Bake,"Treat your family to an unforgettable dining experience with our Butternut Squash Ravioli. With its exceptional combination of sweet and savoury flavours, blissfully creamy texture, convenient preparation and careful craftsmanship, it's the perfect choice for creating cherished moments around the table.",Prepared meals,Pasta Dishes,N,N,N,N,907 g,907,17.99,Y,"Water, Butternut squash ravioli (durum wheat semolina, water, butternut squash, sweet potato, liquid whole egg, toasted wheat crumbs, cream cheese, ricotta cheese [whey, milk, bacterial culture, salt, citric acid], canola oil, sugar, parmesan cheese, salt, annatto powder, herbs, garlic powder, onion powder), Cream (milk, cream, sodium citrate, sodium phosphate, carrageenan), Enriched wheat flour, Butter, Parmesan cheese (pasteurized partly skimmed milk, salt, bacterial culture, lipase, microbial enzyme), Mushrooms, Panko breadcrumbs (enriched wheat flour, sugar, yeast, salt), Spinach, Cheddar cheese (milk, salt, calcium chloride, microbial enzyme, bacterial culture, annatto), Canola oil, Sugar, Vegetable base (corn starch, salt, sugars [dextrose, sugar, glucose solids], hydrolyzed soy and corn protein, dehydrated vegetables [green peas, carrots, yellow peas, leeks, garlic], corn flour, yeast extract, canola oil, spices, herbs, guar gum, parsley, citric acid, flavour, paprika, turmeric), Salt, Garlic powder, Onion powder, Modified corn starch, Black pepper. Contains: Egg, Milk, Soy, Wheat, Barley.","Egg, Soy, Milk, Gluten",Per 1/3 of tray (300 g),300,440,20,11,52,2,17,14,50,710,300
416,Cabbage Rolls,"Enjoy all of the flavour and none of the fuss with our delicious cabbage rolls. A tender blend of flavourful pork, beef and rice gets hand-rolled and fully prepped so you can just let the good times roll.",Prepared meals,Stuffed Cabbage & Peppers,N,N,N,N,2 lb / 907 g,907,14.99,Y,"Tomato puree (water, tomato paste), Meat (pork, beef), Cabbage, Onions, Cooked white rice, Sugar, Salt, Vinegar, Dehydrated garlic, Spices.",,1/5 of tray (181 g),181,190,6,2.5,26,2,5,9,25,550,550
497,Cabbage Rolls,"Enjoy all of the flavour and none of the fuss with our delicious cabbage rolls. A tender blend of flavourful pork, beef and rice gets hand-rolled and fully prepped so you can just let the good times roll.",Prepared meals,Stuffed Cabbage & Peppers,N,N,N,N,4 lb / 1.81 kg,1810,26.99,Y,"Tomato puree (water, tomato paste), Meat (pork, beef), Cabbage, Onions, Cooked white rice, Sugar, Salt, Vinegar, Dehydrated garlic, Spices.",,1/9 of tray (200 g),200,220,7,3,29,2,6,10,30,610,600
587,Cabbage Rolls,"Enjoy all of the flavour and none of the fuss with our delicious cabbage rolls. A tender blend of flavourful pork, beef and rice gets hand-rolled and fully prepped so you can just let the good times roll.",Single serve,Classic Entrées,Y,N,N,N,300 g,300,4.99,Y,"Tomato puree (water, tomato paste), Meat (pork, beef), Cabbage, Onions, Cooked white rice, Sugar, Salt, Vinegar, Dehydrated garlic, Spices.",,1 tray (300 g),300,320,10,4.5,43,3,9,14,45,910,900
5005,California Style Mixed Vegetables,A delicious blend of grade A cauliflower and broccoli florets and sliced carrots. Frozen at the peak of freshness.,Vegetables,Classic Vegetables,N,N,N,N,500 g,500,4.99,Y,"Cauliflower, Broccoli, Carrots.",,3/4 cup (85 g),85,25,0,0,5,2,2,1,0,20,150
759,Caramel Apple Blossoms®,"Flaky, sugar-glazed pastry with a Canadian Northern Spy apple filling, topped with caramel.",Desserts,Pies & Pastries,N,Y,N,N,230 g,230,4.99,Y,"Apples, Enriched wheat flour, Sugars (sugar, corn syrup, dextrose, blackstrap molasses), Palm oil shortening, Water, Cream (cream, milk, carrageenan), Modified corn starch, Glaze (sugar, agar), Liquid whole egg, Butter, Salt, White vinegar, Concentrated lemon juice, Cinnamon, Modified tapioca starch, Flavours, Yeast, Soy lecithin, Caramel, Amylase, Pentosanase, Protease. Contains: Wheat, Egg, Milk, Soy. May Contain: Tree nuts.","Egg, Soy, Treenuts, Milk, Gluten",1 pastry (115 g),115,350,16,8,46,2,17,5,10,300,100
4302,Caramel Cream Puffs,"These exquisite pastry puffs are a true delight for the senses. Nestled within the flaky exterior is a decadent caramel core, adding an extra layer of luxurious flavour to every bite. Each puff is a work of art, created with passion and expertise that shines through in every delectable morsel.",Desserts,Bite Sized,N,N,N,N,240 g,240,5.99,Y,"Sugars (sugar, sweetened condensed milk, glucose syrup), Skim milk, Egg, Palm oil, Coconut oil and palm kernel oil shortening, Enriched wheat flour, Caramel, Cream, Rice starch, Skim milk powder, Defatted cocoa powder, Clarified butter, Salt, Butter, Corn starch, Whole milk powder, Sunflower lecithin and/or Canola lecithin, Vanilla flavour, Pectin, Mono- and diglycerides, Paprika oil extract, Carrageenan. Contains: Wheat, Milk, Egg. May contain: Nuts.","Egg, Treenuts, Milk, Gluten",Per 4 pieces (80 g),80,310,19,15,31,1,26,4,55,130,100
633,Caramel Sea Salt Cakes,Brown-butter cakes topped with a creamy caramel sauce made with sea salt.,Desserts,Cakes,N,Y,N,N,280 g,280,5.99,Y,"Sugars (brown sugar), Enriched wheat flour, Butter, Cream (cream, milk, carrageenan, mono- and di-glycerides, cellulose gum, sodium citrate), Water, Liquid whole egg, Flavours, Salt, Baking powder, Baking soda, Caramel, Sea salt, Cinnamon, Modified corn starch and/or Modified tapioca starch. Contains: Wheat, Milk, Egg. May Contain: Tree nuts, Soy.","Egg, Soy, Treenuts, Milk, Gluten",1 cake (140 g),140,500,24,16,66,1,42,6,125,600,100
5037,Caramelized Onion Dip,"Creamy, savoury, and impossibly smooth — our Caramelized Onion Dip is made with real caramelized onions, slow-cooked to deep, sweet perfection. Blended with velvety cream cheese, sour cream, Swiss, and cheddar cheeses, plus a hint of mayonnaise for the perfect tang, every scoop is luxuriously bold, balanced, and unforgettable.",Appetizers,Sauces,N,N,N,N,450 g,450,11.99,Y,"Onions, Cream cheese (milk ingredients, bacterial culture, salt, guar gum, locust bean gum), Cream (milk, cream, sodium citrate, sodium phosphate, carrageenan), Swiss cheese (milk, bacterial culture, salt, microbial enzyme, calcium chloride, cellulose, natamycin), Sour cream (cream, milk, modified milk ingredients, modified corn starch, guar gum, carrageenan, carob bean gum, sodium citrate, sodium phosphate, bacterial culture), Mayonnaise (canola oil, soybean oil, liquid yolk, water, sugar, white vinegar, salt, lemon juice, mustard flour, spices, calcium disodium EDTA), Cheddar cheese (pasteurized milk, bacterial culture, salt, microbial enzyme, annatto), Canola oil, Modified corn starch, Salt, Beef broth (beef stock, natural flavour, salt, beef fat), Chicken base (water, concentrated chicken broth, salt, sugar, yeast extract, chicken fat, modified corn starch, natural flavour, citric acid), Spices. Contains: Milk, Egg, Mustard, Soy, Sulphites.","Egg, Soy, Milk, Sulfites, Mustard",2 tbsp (30 g),30,70,5,2.5,3,0,1,2,10,160,50
4091,Cauliflower Bites,"Loaded with flavour, these crispy vegetarian delights are gluten free and delicious. Made with simple ingredients, these tempting tidbits pair perfectly with a flavourful kick of buffalo sauce or a fresh citrus lemon aioli, both of which are included. *Trademark of Celiac Canada. Used under license.",Appetizers,Cheese & Vegetable,N,N,N,Y,450 g,450,12.99,Y,"Buffalo cauliflower bites: Cauliflower, Batter (water, modified corn starch, corn starch, yellow corn flour, sugars [corn maltodextrin, sugar, dextrose], rice flour, cayenne pepper sauce powder, salt, pea protein isolate, vinegar, rice starch, garlic powder, canola oil and/or sunflower oil, baking powder, modified cellulose, malic acid, flavour, yeast, spice extracts), Canola oil and/or Modified canola oil, Crumb coating (rice flour, whole amaranth and quinoa blend, rice starch, Sugars [dextrose, sugar], sea salt, salt, caramel, spice extracts, yeast). Parmesan cauliflower bites: Cauliflower, Batter (water, modified corn starch, parmesan cheese, corn starch, yellow corn flour, rice flour, sugars [corn maltodextrin, sugar, dextrose], pea protein isolate, rice starch, garlic powder, onion powder, salt, baking powder, flavour, canola oil and/or sunflower oil, granulated roasted garlic, buttermilk powder, modified cellulose, spices, yeast, spice extracts), Canola oil and/or Modified canola oil, Crumb coating (rice flour, rice starch, whole amaranth and quinoa blend, sugars [dextrose, sugar], dehydrated parsley, sea salt, salt, caramel, spice extracts, yeast). Buffalo sauce: Water, Margarine (soybean oil and modified palm oil), Soybean oil, Cayenne peppers, Vinegar, Salt, Garlic powder, Seasoning, Spices, Flavour, Yeast extract, Soy lecithin, Xanthan gum, Guar gum, Sodium alginate, Citric acid, Lactic acid, Polysorbate 60, Potassium sorbate, Sodium benzoate. Lemon aioli: Water, Soybean oil, Sugars (sugar, glucose), Modified corn starch, Modified milk ingredients, Vinegar, Concentrated lemon juice, Salt, Dehydrated garlic, Canola oil, Garlic powder, Onion powder, Herbs, Flavour, Polysorbate 60, Soy lecithin, Xanthan gum, Guar gum, Sodium alginate, Citric acid, Calcium disodium EDTA. Contains: Milk, Soy.","Soy, Milk",,,220,13,2,23,1,3,2,0,700,175
4071,Cauliflower Gratin,Mellow cauliflower takes a dip in creamy four-cheese sauce and gets dressed up with chives and a crispy Parmesan–bread crumb topper. Best part: Our veggies are picked at their ripest so they’re packed with flavour.,Sides,Scalloped & Gratin,N,N,N,N,500 g,500,12.99,Y,"Cauliflower, Milk Ingredients, Monterey Jack Cheese (Modified Milk, Ingredients, Bacterial Culture, Salt, Calcium Chloride, Microbial Enzyme, May Contain Annatto), Mozzarella Cheese (Modified Milk Ingredients, Bacterial Culture, Salt, Calcium Chloride, Microbial Enzyme), Cream Cheese (Milk Ingredients, Salt, Carob Bean Gum, Bacterial Culture), Onions, Parmesan Cheese (Modified Milk Ingredients, Salt, Lipase, Calcium Chloride, Microbial Enzyme, Bacterial Culture, Cellulose, Sorbic Acid), Toasted Wheat Crumbs (Wheat), Wheat Flour, Chives, Modified Corn Starch, Water, Garlic (Garlic, Soybean Oil, Water, Citric Acid, Potassium Sorbate), Salt, Dehydrated Parsley, Onion Powder, Sugar.","Soy, Milk, Gluten",Per 1/5 of tray (100 g),100,140,9,6,9,1,2,6,25,260,125
4196,Cedar Wrapped Glazed Salmon,"A delicious entrée served straight off the grill. We’ve expertly marinated Atlantic salmon fillets and hand wrapped them in pre-soaked, paper thin cedar wood planks for that classic flavour you’ve come to expect. Be ready to enjoy tender and savoury salmon with elevated smoke flavour in just minutes! * Meets M&M Food Market sustainability guidelines.",Seafood,Marinated & Glazed Fish,N,N,N,N,320 g,320,17.99,Y,"Salmon, Water, Sugars (brown sugar, maltodextrin, maple sugar), Soy sauce powder (soy sauce [water, soy, wheat, salt], maltodextrin, salt), Garlic powder, Yeast extract, Modified tapioca starch, Salt, Sesame seeds, Ginger, Ginger powder, Sesame oil, Spice extracts, Methylcellulose. May contain small bones. Contains: Salmon, Soy, Sesame, Wheat.","Sesame seeds, Fish, Soy, Gluten",Per 1 fillet (160 g),160,300,19,4.5,3,0,2,30,80,240,550
5073,Chana Masala & Rice,"Our signature recipe of Indian style spiced masala sauce with chickpeas, tomatoes, cashews and raisins, served with fragrant basmati rice. *<sup>TM</sup>Trademark of the Celiac Canada. Used under license.",Single serve,Classic Entrées,Y,N,N,Y,300 g,300,4.99,Y,"Cooked basmati rice (water, basmati rice), Cooked chick peas, Tomatoes (tomatoes, tomato juice, calcium chloride, citric acid), Onions, Water, Canola oil, Green jalapeño peppers, Ginger puree (ginger, water), Cashews (cashews, canola oil), Raisins (raisins, vegetable oil), Salted butter, Garlic puree (garlic, water), Vegetable base (cooked vegetables [carrots, onions, celery], salt, sugars [sugar, maltodextrin], corn oil, potato flour, natural flavour, carrot powder), Corn starch, Salt, Raw mango powder, Chili powder, Asafoetida powder (chickpea flour, arabic gum, asafoetida), Fenugreek leaves, Garlic powder, Spices. Contains: Milk, Cashews, Mustard. May contain: Peanuts, Other tree nuts.","Peanuts, Treenuts, Milk, Mustard",1 tray (300 g),300,420,15,3.5,59,12,6,11,10,660,400
4252,Cheddar & Bacon Stuffed Beef Burgers,"The flavour and texture of these stuffed burgers are second to none. Ready to grill from frozen, these tender patties are seasoned to perfection and stuffed with delicious cheese and mouth-watering smoked bacon that deliver a gourmet experience straight off the grill.",Butcher,Burgers,N,N,N,N,680 g,680,19.99,Y,"Beef, Water, Cheddar cheese (milk, bacterial culture, salt, calcium chloride, microbial enzyme, cellulose, annatto), Cooked bacon (pork, water, salt, sugar, natural smoke flavour, sodium phosphate, sodium erythorbate, sodium nitrite), Processed cheese food (cheese [milk, modified milk ingredients, cream, salt, bacterial culture, annatto, calcium chloride, microbial enzyme], modified milk ingredients, water, salt, flavour, ß-apo-8'-carotenal, gelatin, sodium citrate, sodium phosphate, cellulose, potassium sorbate, citric acid), Toasted wheat crumbs, Salt, Textured soy protein concentrate, Spice and spice extracts, Flavour. Contains: Milk, Wheat, Soy.","Soy, Milk, Gluten",Per 1 burger (170 g),170,490,39,12,4,0,1,30,100,860,350
407,Cheese and Spinach Cannelloni,"Our cannelloni pasta tubes are filled with gourmet quality ricotta, part skim mozzarella and cheddar cheeses mixed with spinach, then topped with a sweet, mildly spiced tomato sauce. Ready with next-to-no preparation, this dish is sure to please any appetite.",Prepared meals,Pasta Dishes,N,Y,N,N,2 lb / 907 g,907,14.99,Y,"Sauce (water, crushed tomatoes, diced tomatoes [tomatoes, tomato juice, citric acid, calcium chloride], onions, modified corn starch, sugar, salt, garlic powder, spices, garlic), Cannelloni (ricotta cheese [whey, milk, bacterial culture, salt, citric acid], durum wheat semolina, water, part skim mozzarella cheese [partly skimmed milk, salt, bacterial culture, calcium chloride, microbial enzyme], cheddar cheese [milk, bacterial culture, salt, calcium chloride, microbial enzyme, annatto], toasted wheat crumbs, spinach, liquid whole eggs, salt, spices). Contains: Milk, Egg, Wheat.","Egg, Milk, Gluten",1/3 tray (300 g),300,330,10,6,42,6,8,18,35,1030,600
582,Cheese and Spinach Cannelloni,"Our cannelloni pasta tubes are filled with gourmet quality ricotta, part skim mozzarella and cheddar cheeses mixed with spinach, then topped with a sweet, mildly spiced tomato sauce. Ready in minutes from the microwave.",Single serve,Classic Entrées,Y,Y,N,N,300 g,300,4.99,Y,"Sauce (water, crushed tomatoes, diced tomatoes [tomatoes, tomato juice, citric acid, calcium chloride], onions, modified corn starch, sugar, salt, garlic powder, spices, garlic), Cannelloni (ricotta cheese [whey, milk, bacterial culture, salt, citric acid], durum wheat semolina, water, part skim mozzarella cheese [partly skimmed milk, salt, bacterial culture, calcium chloride, microbial enzyme], cheddar cheese [milk, bacterial culture, salt, calcium chloride, microbial enzyme, annatto], toasted wheat crumbs, spinach, liquid whole eggs, salt, spices). Contains: Milk, Egg, Wheat.","Egg, Milk, Gluten",1 tray (300 g),300,330,10,6,42,6,8,18,35,1030,600
4074,Cheese and Spinach Ravioli,"This authentic, delicate egg pasta is stuffed with velvety ricotta cheese and spinach, then tossed in a light-but-zesty tomato sauce. Zap it in the microwave or simmer on the stovetop, and your comfort-food dream dinner is ready in minutes.",Sides,Pasta,N,Y,N,N,400 g,400,11.99,Y,"Ravioli (Egg Pasta [Durum Wheat Semolina, Liquid Whole Egg, Water], Ricotta Cheese [Whey Milk, Milk, Salt, Citric Acid, Lactic Acid], Spinach, Toasted Wheat Crumbs), Tomato Pulp, Water, Sunflower Seed Oil, Onions, Tomato Paste, Sea Salt, Garlic, Basil, Sugar, White Pepper, Chili Peppers. May Contain: Barley, Oats, Spelt, Soy.","Egg, Soy, Milk, Gluten",1 bag (400 g),400,480,16,4.5,63,7,11,20,95,900,800
4543,Cheese Stuffed Mushroom Caps,"Hand-stuffed with garlic, chives and cream cheese, these Canadian white button mushrooms are the perfect shareable you won’t want to share. Topped with asiago and parmesan cheeses, these caps are a delicious addition to any spread.",Appetizers,Cheese & Vegetable,N,N,N,N,300 g,300,19.99,Y,"Mushrooms, Cream cheese (milk ingredients, salt, carob bean gum, bacterial culture), Parmesan cheese (milk, salt, calcium chloride, bacterial culture, lipase, microbial enzyme, cellulose, natamycin), Onions, Garlic (garlic, soybean oil, water, citric acid, potassium sorbate), Asiago cheese (modified milk ingredients, salt, calcium chloride, lipase, bacterial culture, microbial enzyme, cellulose, natamycin), Chives, Sugar, Modified corn starch and/or Modified tapioca starch, Salt, Soy sauce powder (soybeans, wheat, salt), Modified cellulose, Spices, Xanthan gum. Contains: Milk, Soy, Wheat.","Soy, Milk, Gluten",4 pieces (80 g),80,140,10,7,8,2,3,5,35,230,175
4287,Cheese Stuffed Potatoes,"Baked Russet Burbank potato halves stuffed with our exclusive blend of potato, cream cheese and cheddar cheese. *® Registered trademark of the Canadian Celiac Association. Used under license.<br><br>This product is temporarily available under two product numbers. If there is no stock available at the store you have selected, see <a href=""/en/products/cheese-stuffed-potatoes-5053"">Cheese Stuffed Potatoes</a>.",Sides,Potatoes,N,N,N,Y,560 g,560,12.99,Y,"Potatoes, Cream cheese (milk, cream, bacterial culture, salt, guar gum and/or carob bean gum and/or xanthan gum), Water, Triple cheese blend (monterey jack, cheddar and blue cheeses [pasteurized milk, salt, cheese cultures, enzymes], buttermilk, whey, salt, palm oil, maltodextrin, onion powder, xanthan gum, milk ingredients, lactic acid, citric acid, annatto, flavours, soybean oil, turmeric extract, dextrose, corn starch, yeast extract), Soybean oil margarine, Cheddar cheese (pasteurised milk, salt, bacterial culture, microbial enzymes, annatto). Contains: Milk.",Milk,1 piece (142 g),142,200,9,4.5,24,3,2,6,15,350,650
5053,Cheese Stuffed Potatoes,"Discover the decadence of potatoes in their most delicious form - We combine the scooped-out centre of baked Russet potatoes with a perfectly balanced blend of cream cheese, cheddar cheese and seasonings that enhance the creamy texture and rich flavour of this irresistible qluten-free side. Individually wrapped for added convenience. *<sup>TM</sup>Trademark of the Celiac Canada. Used under license.<br><br>This product is temporarily available under two product numbers. If there is no stock available at the store you have selected, see <a href=""/en/products/cheese-stuffed-potatoes-4287"">Cheese Stuffed Potatoes</a>.",Sides,Potatoes,N,N,N,Y,568 g,568,12.99,Y,"Potatoes, Cream cheese (milk ingredients, bacterial culture, salt, guar gum, locust bean gum), Cheddar cheese (pasteurized milk, bacterial culture, salt, microbial enzyme, annatto), Cheese powder (cheddar cheese powder, modified corn starch, corn syrup solids, modified milk ingredients, salt, natural flavour, yeast extract, dehydrated onions, dehydrated garlic, citric acid, paprika extract, turmeric extract), Salt. Contains: Milk.",Milk,1 piece (142 g),142,160,6,4,22,2,0,4,20,310,350
678,Cheesecake Variety Pack,"Discover four flavours of genuine New York cheesecake – all made in New York! Featuring classic Original, Brownie, Chocolate Fudge and Strawberry Swirl, each slice sits atop a delicious crumb base and boasts a truly decadent creaminess.",Desserts,Cheesecake,N,Y,N,N,1 kg,1000,27.99,Y,"Original: Cream cheese (milk ingredients, cheese culture, salt, carob bean gum and/or xanthan gum and/or guar gum), Cinnamon graham cookie crumbs (enriched wheat flour, sugar, palm oil, graham flour, corn syrup, molasses, cinnamon, salt), Sugar, Water, Liquid whole egg, Sour cream (cream, bacterial culture, microbial enzymes), Palm oil shortening, Enriched wheat flour, Modified corn starch, Natural flavour, Soybean oil, Soy lecithin. Brownie: Cream cheese (milk ingredients, cheese culture, salt, carob bean gum and/or xanthan gum and/or guar gum), Chocolate cookie crumbs (enriched wheat flour, palm oil, sugar, cocoa, corn syrup, salt), Sugar, Liquid whole egg, Brownie pieces (sugar, enriched wheat flour, natural cocoa, palm kernel oil, cocoa processed with alkali, salt, sodium bicarbonate, natural flavour), Sour cream (cream, bacterial culture, microbial enzymes), Palm oil shortening, Chocolate liquor, Water, Modified corn starch, Soybean oil, Soy lecithin. Chocolate fudge: Cream cheese (milk ingredients, cheese culture, salt, carob bean gum and/or xanthan gum and/or guar gum), Chocolate cookie crumbs (enriched wheat flour, palm oil, sugar, cocoa, corn syrup, salt), Sugar, Liquid whole egg, Chocolate chunks (sugar, whole milk powder, cocoa butter, unsweetened chocolate, soy lecithin, salt, natural vanilla extract), Bittersweet chocolate chips (sugar, chocolate liquor, cocoa butter, dextrose, soy lecithin, salt, natural flavour), Sour cream (cream, bacterial culture, microbial enzymes), Chocolate liquor, Water, Modified corn starch, Natural flavour, Soybean oil, Soy lecithin. Strawberry swirl: Cream cheese (milk ingredients, cheese culture, salt, carob bean gum and/or xanthan gum and/or guar gum), Cinnamon graham cookie crumbs (enriched wheat flour, sugar, palm oil, graham flour, corn syrup, molasses, cinnamon, salt), Strawberries, Sugars (sugar, corn syrup), Water, Liquid whole egg, Modified corn starch, Sour cream (cream, bacterial culture, microbial enzymes), Palm oil shortening, Enriched wheat flour, Citric acid, Xanthan gum, Salt, Natural flavour, Soybean oil, Soy lecithin. Contains: Milk, Egg, Wheat, Soy. May contain: Tree nuts.","Egg, Soy, Treenuts, Milk, Gluten",,,260,17,10,23,0,15,4,55,220,75
5121,Cheesy Chicken Quesadillas,"Flour tortillas filled with cooked chicken breast pieces, mozzarella and Monterey Jack cheeses, bell peppers and onions in our exclusive jalapeño sauce.",Prepared meals,International Entrées,N,N,N,N,500 g,500,9.99,Y,"Filling: Sauce (sour cream [milk ingredients, modified corn starch, guar gum, carrageenan, carob bean gum, sodium citrate, sodium phosphate, bacterial culture], cream cheese [milk-derived ingredients, bacterial culture, salt, carob bean gum, guar gum], jalapeño peppers [jalapeño peppers, water, salt, distilled vinegar, acetic acid, calcium chloride, sodium benzoate, riboflavin], red pepper paste [roasted red bell peppers, distilled vinegar, sugar, salt], salt, lime juice [water, concentrated lime juice, lime oil, sodium benzoate, sulphites], seasoning, spices), Cooked chicken, Mozzarella cheese (milk-derived ingredients, salt, bacterial culture, calcium chloride, microbial enzyme, cellulose), Monterey Jack cheese (pasteurized milk, salt, microbial enzyme, bacterial culture, cellulose), Green and red bell peppers, Onions, Water. Tortilla: Enriched wheat flour, Water, Canola oil, Salt, Soybean oil, Mono- and diglycerides, Sodium acid pyrophosphate, Potassium bicarbonate, Calcium lactate, Fumaric acid, Potassium chloride, Seasoning (autolyzed yeast, ammonium chloride), Guar gum, Monocalcium phosphate, L-cysteine, Amylase. Contains: Milk, Wheat.","Milk, Gluten",2 quesadillas (250 g),250,580,23,14,60,3,4,33,85,1330,750
4341,Cheesy Garlic Melt,"This delicious blend of cheesy garlic goodness will give your favourite garlic bread a run for its money. Hand-stretched crust is topped with a savoury garlic spread and a blend of mozzarella, cheddar and parmesan cheeses. One bite and you’ll be melting along with the molten cheese trio.",Prepared meals,Pizzas & Flatbreads,N,N,N,N,376 g,376,7.99,Y,"Crust (enriched wheat flour, water, extra virgin olive oil, yeast, salt, sugar, fermented wheat flour), Toppings (mozzarella cheese [partly skimmed milk, salt, bacterial culture, calcium chloride, microbial enzyme], garlic spread [non-hydrogenated canola oil and modified palm oil margarine, water, dehydrated garlic, salt, parsley, citric acid], cheddar cheese [milk, bacterial culture, salt, calcium chloride, microbial enzyme, powdered cellulose, annatto], parmesan cheese [milk, bacterial culture, salt, lipase, calcium chloride, microbial enzyme, cellulose], parsley). Contains: Milk, Wheat.","Milk, Gluten",1/2 of pizza (188g),188,540,19,9,67,5,9,25,30,1090,175
5083,Cheesy Garlic Pull-apart Bread,"Warm, golden and loaded with melted mozzarella cheese, buttery garlic and herbs, this pull-apart bread delivers restaurant-style flavour the whole family will love. Made for sharing, it’s perfect as an appetizer, snack or the ideal side with your favourite dinner.",Bakery,Bread,N,N,N,N,510 g,510,14.99,Y,"Enriched wheat flour, Water, Mozzarella cheese (milk, salt, microbial enzyme, bacterial culture), Butter, Sugar, Margarine (canola oil, water, modified palm oil, modified palm kernel oil, salt, soy lecithin, mono- and diglycerides, potassium sorbate, natural flavour, vitamin A palmitate, vitamin D3), Canola oil, Skim milk powder, Salt, Yeast, Minced garlic, Granulated garlic, Herbs, Sunflower oil, Ascorbic acid, Lipase, Xylanase, Amylase. Contain: Wheat, Milk, Soy. May contain: Egg, Tree nuts.","Egg, Soy, Treenuts, Milk, Gluten",about 2 pieces (75 g),75,260,13,7,27,1,3,9,30,370,100
5009,Cheesy Nacho Chicken Strips,"These crunchy and cheesy chicken breast strips should come with a warning that they’re addictive! They are made from solid cut boneless chicken tenderloins that are coated in a cheddar and corn tortilla chip crust to deliver an irresistible blend of crunch and cheese. Perfect for dipping or enjoying on their own, they’re bound to become your new go-to! Seasoned solid cut chicken breast fillets, in our signature nacho cheese and crunchy tortilla chip breading. 17% meat protein. Uncooked.",Butcher,Breaded Chicken,N,N,N,N,680 g,680,19.99,Y,"Chicken, Water, Toasted wheat crumbs with spice extracts, Tortilla chips (yellow corn, vegetable oil), Vegetable oil, Enriched wheat flour, Modified corn starch, Yellow corn flour, Salt, Modified milk ingredients, Sugars (maltodextrin, sugar), Cheddar cheese, Potassium chloride, Sodium phosphates, Baking powder, Onion powder, Flavour, Modified palm oil, Spices, Garlic powder, Defatted soy flour, Tomato powder, Guar gum, Yeast extract, Citric acid, Acetic acid, Lactic acid, Paprika extract, Spice extracts. Contains: Wheat, Milk, Soy. Contains: Wheat, Milk, Soy.","Soy, Milk, Gluten",about 3 strips (125 g),125,270,10,1,29,2,6,16,35,620,600
4696,Cheesy Pizza Rolls,Crunch into the classic flavour of our meatless pizza rolls and feel your cravings melt away. Canadian mozzarella and parmesan cheese blend with zesty tomato sauce in a delightfully crispy wrapper for the perfect snack.,Appetizers,Rolls,N,N,N,N,460 g,460,9.99,Y,"Wrapper: Water, Enriched wheat flour, Canola oil, Liquid whole egg, Salt, Sugars (dextrose). Filling: Tomatoes, Part skim mozzarella cheese (pasteurized partly skimmed milk, modified milk ingredients, bacterial culture, salt, calcium chloride, microbial enzyme), Water, Parmesan cheese (pasteurized milk, bacterial culture, salt, microbial enzyme, powdered cellulose), Modified corn starch, Canola oil, Salt, Spices, Sugar, Modified cellulose, Cellulose, Garlic powder. Contains: Wheat, Egg, Milk. May contain: Mustard, Sesame, Soy.","Sesame seeds, Egg, Soy, Milk, Gluten, Mustard",3 rolls (173 g),173,380,15,4,48,3,4,13,20,550,350
228,Chicken and Pineapple Mini-Skewers,"Fully cooked, char-grilled mini-skewers with moist, seasoned chicken breast meat and juicy pineapple.",Appetizers,Mini Skewers,N,N,N,N,500 g,500,14.99,Y,"Chicken breast, Sweetened pineapples (pineapple, water, sugar, citric acid), Sugars (glucose syrup, sugar), Modified tapioca starch, Water, Refined rice bran oil, Spices, Onion powder, Natural flavour, Salt, Baking soda, Sodium diacetate, Guar gum, Garlic powder, Tomato powder, Paprika extract, Red and green bell pepper powder, Sodium citrate.",,3 Mini-skewers (75 g),75,110,1,0.5,10,1,7,14,45,190,250
222,Chicken Breast Grills,"These tender chicken breast portions are fully cooked and coated in our crispy batter. Ready in no time on the grill or in the oven, enjoy them on their own or in a bun.",Butcher,Breaded Chicken,N,N,N,N,800 g,800,19.99,Y,"Chicken (chicken, water, salt, sugars [dextrose], sodium phosphate, garlic powder, onion powder, spice extracts), Breading (toasted wheat crumbs with spice extracts, soybean oil, water, corn starch, sugars [dextrose, tapioca dextrin], salt, wheat gluten, modified milk ingredients, guar gum, hydrolyzed corn, soy and wheat gluten protein, onion powder, spices, flavour, autolyzed yeast extract). Contains: Wheat, Milk, Soy.","Soy, Milk, Gluten",1 portion (100 g),100,170,9,1.5,6,0,1,15,45,460,250
4260,Chicken & Broccoli Pasta Bake,"Treat your loved ones to the rich flavour of tender, fully cooked chicken and delicate broccoli in a creamy cheese sauce. Perfected with a golden-brown breadcrumb topping, this sumptuous pasta serving is sure to please any appetite.",Prepared meals,Casseroles,N,N,N,N,907 g,907,14.99,Y,"Water, Cooked pasta (water, durum wheat semolina), Cooked chicken (chicken breast, water, modified corn starch, salt), White cheddar cheese (unpasteurized milk, bacterial culture, salt, calcium chloride, microbial enzyme), Broccoli, Cream (cream, skim milk), Cream cheese (milk, cream, skim milk, salt, guar gum, xanthan gum, locust bean gum, bacterial culture), Parmesan cheese flavour base (parmesan cheese concentrate [granular cheese and parmesan cheese {milk, cultures, salt, enzymes}, water, salt, natural flavour, citric acid], salt, yeast extract, parmesan cheese [milk, cultures, salt, enzymes], butter [cream], corn oil, olive oil, sweet cream, sugar, onion powder, garlic powder, natural flavour), Modified corn starch, Toasted wheat crumbs, Onions, Garlic, Dried garlic, Sugar, Dried onions, Spices, Xanthan gum. Contains: Wheat, Milk.","Milk, Gluten",Per 1/3 of tray (300 g),300,410,19,11,36,2,2,24,85,870,175
4526,Chicken Burrito Bowl,"Enjoy a bite south-of-the-border with tender chicken breast pieces, long-grain rice, vibrant veggies, beans, and all your favourite burrito toppings. Ready in only 5 minutes in the microwave, using our unique steam in the package technology, this no-prep single-serve certainly packs a feast worth of flavour.",Single serve,Premium Entrées,Y,N,N,N,400 g,400,9.99,Y,"Cooked rice (water, rice, canola oil), Cooked seasoned chicken (chicken breasts, water, sugars [glucose solids], soy protein isolate, potassium chloride, flavour, sodium phosphate, salt, spice extracts), Black beans, Corn, Salsa (crushed tomato [tomatoes, salt, citric acid], red bell peppers, onions, cilantro, sriracha hot sauce [chili, sugar, garlic, acetic acid, potassium sorbate, sodium bisulphite, xanthan gum], salt, garlic, xanthan gum, citric acid, spices), Cheese blend (milk, unpasteurized milk, modified milk ingredients, cream, salt, bacterial culture, annatto, beta-apo-8’-carotenal, calcium chloride, microbial enzymes, powdered cellulose, natamycin), Red bell peppers, Sour cream (skim milk, cream, milk protein concentrate, skim milk powder, microbial enzymes, bacterial culture), Canola oil, Green bell peppers, Onions, Seasoning. Contains: Soy, Milk, Sulphites.","Soy, Milk, Sulfites",1 tray (400 g),400,600,19,6,81,8,0,26,50,570,750
4326,Chicken Carbonara,"Using an innovative packaging that locks in freshness and steams during prep, this single-serve entrée takes convenience and flavour to a whole new level. Savour tender linguine noodles and fully cooked roasted chicken breast in a decadent, yet light alfredo sauce that will make your tastebuds say “That’s Amore!”",Single serve,Premium Entrées,Y,N,N,N,400 g,400,9.99,Y,"Sauce (milk, water, seasoning [enriched wheat flour, modified corn starch, salt, lactic acid, parmesan and cheddar cheese flavoured powder, garlic, flavour, yeast extract, onions, smoke flavour], canola oil, pizza mozzarella cheese, frozen yolk, vinegar, xanthan gum), Cooked pasta (water, semolina, durum wheat flour, canola oil, xanthan gum), Seasoned chicken strips (chicken breasts, water, sugars [glucose solids], soy protein isolate, potassium chloride, natural flavour, sodium phosphate, salt, spice extractives), Broccoli, Bacon (pork, water, salt, sugars [sugar, brown sugar], cultured celery extract, sodium phosphate, flavour, sodium erythorbate, smoke flavour, potassium chloride, spice extracts, sodium nitrite, smoke), Parmesan type ripened hard cheese (milk, salt, bacterial culture, calcium chloride, lipase, microbial enzyme, cellulose), Black pepper. Contains: Wheat, Milk, Soy, Egg.","Egg, Soy, Milk, Gluten",1 tray (400 g),400,540,19,6,61,4,6,31,70,590,700
279,Chicken Chunks,"Savour a succulent serving of boneless chicken breast in delicious 2-bite sized portions. Cut from tender, whole muscle and coated in Southern style breading, these meaty morsels are the real deal - not chopped and formed. Perfect for a salad topper or a simple snack.",Appetizers,Wings & Chunks,N,N,N,N,680 g,680,26.99,Y,"Boneless Skinless Chicken Breasts, Breading (Enriched Wheat Flour, Water, Modified Corn Starch, Toasted Wheat Crumbs, Vegetable Oil, Corn Flour, Salt, Spices, Wheat Gluten, Dried Egg White [Egg-White, Yeast, Citric Acid], Modified Milk Ingredients, Onion Powder, Soy Protein, Whole Egg Powder, Garlic Powder, Sugar, Baking Powder, Paprika Extract, Turmeric Extract), Water, Sodium Phosphate, Salt, Flavour, Potassium Chloride, Spices, Onion Powder, Garlic Powder. Contains: Egg, Milk, Soy, Wheat.","Egg, Soy, Milk, Gluten",about 3 pieces (90 g),90,150,5,1,11,1,0,16,35,250,300
5122,Chicken Dumplings,"These dumplings combine tender chicken with fresh vegetables, all wrapped in a delicate dumpling wrapper with a sesame soy sauce that enhances the savoury flavour. Ready in minutes, they’re perfect for an easy weeknight dinner or a shareable appetizer with family and friends.",Appetizers,Meat & Poultry,N,N,N,N,500 g,500,12.99,Y,"Filling: Chicken, Cabbage, Water, Green onions, Canola oil, Sugar, Yeast extract, Salt, Sesame oil, Onion powder, Garlic powder, Spices. Wrapper: Enriched wheat flour, Water, Canola oil, Salt, Sugar. Sauce: Soy sauce (water, soybeans, wheat, salt), Sugar, Water, Vinegar, Sesame oil. Contains: Wheat, Soy, Sesame.","Sesame seeds, Soy, Gluten",about 5 dumplings and 1/4 sauce pouch (122 g),122,200,7,2.5,25,1,3,10,15,810,225
4328,Chicken Dumplings and Noodles,"Asian style takeout at your fingertips! Tender, two-bite chicken dumplings and noodles are tossed with a mix of sugar snap peas, red peppers, carrots and green onions. The authentic sauce and a sprinkling of sesame seeds will have you feeling like you’ve stepped out for the real thing, but thanks to the unique vacuum seal on the package, five minutes is all it takes for this dish to steam perfectly in your microwave!",Single serve,Premium Entrées,Y,N,N,N,400 g,400,9.99,Y,"Cooked pasta (water, durum wheat semolina, canola oil, basil, caramel, paprika, xanthan gum), Asian style sauce (water, sugar, vinegar, modified corn starch, soy sauce [water, soybeans, wheat, salt], canola oil, cayenne red peppers, yeast extract, oyster sauce [water, sugar, salt, oyster extract, modified corn starch, caramel], dried garlic, salt, spices, caramel, concentrated lime juice, citric acid, xanthan gum), Chicken dumplings (filling [chicken, nappa cabbage, cabbage, water, onions, green onions, modified corn starch, yeast extract, ginger, spices, vinegar, sesame oil, sugar, salt], wrapper [enriched wheat flour, water, canola oil, salt, sugar]), Sugar snap peas, Carrots, Red bell peppers, Green onions. Sesame seeds. Contains: Wheat, Barley, Soy, Oyster, Sesame. May contain: Egg.","Sesame seeds, Egg, Soy, Shellfish, Gluten",1 tray (400 g),400,470,10,1.5,76,6,15,18,15,540,350
467,Chicken Fajita Kit,"Only authentic flavours and ingredients go into our Chicken Fajita kits. We take our time measuring, prepping and portioning everything—tender chicken, tasty veggies and tangy salsa—to make this an exceptional meal.",Prepared meals,Meal Kits,N,N,N,N,1.05 kg,1050,22.99,Y,"Vegetables (onions, green bell peppers, red bell peppers, yellow bell peppers), Fully cooked sliced chicken breast (chicken, water, sugars [sugar, dextrose, corn maltodextrin], salt, cayenne peppers, vinegar, modified corn starch, spices, sodium phosphate, garlic powder, onion powder, spice extracts, guar gum), Tortilla (enriched wheat flour, water, canola oil, salt, mono- and diglycerides, baking powder, calcium propionate, fumaric acid, potassium chloride, potassium sorbate, guar gum, autolyzed yeast, ammonium chloride, soybean oil, monocalcium phosphate, hydrogenated soybean oil, corn starch, L-cysteine hydrochloride, enzymes), Salsa sauce (water, sugars [corn maltodextrin, sugar], vinegar, tomato paste, salt, modified corn starch, canola oil and/or sunflower oil, dehydrated red and green bell peppers, dehydrated onions, dehydrated garlic, onion powder, spices, citric acid, spice extracts, sodium diacetate, garlic powder). Contains: Wheat.",Gluten,2 fajitas (260 g),260,360,8,1.5,43,4,6,28,70,1090,
443,Chicken Fried Rice,Enjoy take-out flavour from the comfort of home with delicious Chinese style fried rice with diced chicken breast and traditional veggies. Serve alongside our crispy spring rolls for an extra golden gourmet experience.,Prepared meals,International Entrées,N,N,N,N,680 g,680,9.99,Y,"Cooked white rice, Cooked chicken breast, Celery, Hydrolyzed soy protein, Carrots, Canola oil, Peas, Red bell peppers, Modified corn starch, Caramel, Ginger powder, Spices, Salt, Dehydrated garlic. Contains: Soy. May contain: Egg.","Egg, Soy",2 cups (284 g),284,390,6,0.5,68,2,1,15,10,940,225
4291,Chicken Kiev,"Our exclusive recipe of breaded seasoned boneless chicken breast cutlettes, stuffed with butter and chives.",Butcher,Stuffed Chicken,N,N,N,N,142 g,142,4.99,Y,"Chicken (chicken, water, soy protein product, salt, onion powder, garlic powder, spice extracts), Breading (toasted wheat crumbs with spice extracts, soybean oil, water, modified corn starch, enriched wheat flour, corn flour, wheat gluten, salt, baking powder, modified palm oil, defatted soy flour, guar gum), Stuffing (butter, dehydrated chives). Contains: Milk, Wheat, Soy","Soy, Milk, Gluten",1 portion (142 g),142,440,32,14,21,3,6,17,60,680,300
5032,Chicken Pad See Ew,Our signature recipe of fully cooked chicken breast pieces and broccoli florets in a dark soy sauce over Thai wide rice noodles.,Prepared meals,International Entrées,N,N,N,N,850 g,850,12.99,Y,"Cooked rice noodles (rice, water), Cooked seasoned chicken (chicken breast fillets, water, modified corn starch, sodium phosphate, salt), Broccoli, Water, Soy sauce (water, soybeans, wheat, salt, sugar, wheat flour, alcohol, vinegar, lactic acid), Canola oil, Oyster sauce (water, sugar, salt, oyster extract [oysters, water, salt], modified corn starch, caramel), Sugar, Garlic puree (garlic, water), Corn starch, White vinegar, Spices. Contains: Soy, Wheat, Oyster.","Soy, Shellfish, Gluten",1/3 of tray (300 g),300,370,8,1,57,2,5,18,25,930,400
567,Chicken Pad Thai,"Our exclusive recipe of authentic Thai rice noodles and cooked seasoned chicken breast, topped with bean sprouts, shredded carrots and red bell peppers in a traditional Pad Thai sauce with peanut pieces. *Trademark of Celiac Canada. Used under license.",Single serve,Classic Entrées,Y,N,N,Y,300 g,300,4.99,Y,"Cooked rice noodles (rice, water), Cooked seasoned chicken (chicken breast fillets, water, modified corn starch, sodium phosphate, salt), Water, Bean sprouts, Carrots, Sugars (brown sugar, tamarind paste), Red bell peppers, Peanuts, Green onions, Fish sauce (anchovy, salt, sugar), Onions, Canola oil, Shallots, Garlic puree (garlic, water), Corn starch, Cilantro, Concentrated lime juice, Crushed chili peppers, Spice extracts. Contains: Peanuts, Anchovy. May contain: Tree nuts.","Peanuts, Fish, Treenuts",1 tray (300 g),300,370,10,2,50,3,19,19,40,610,400
4344,Chicken Pad Thai,"Our exclusive recipe of authentic Thai rice noodles and cooked seasoned chicken breast, topped with bean sprouts, shredded carrots and red bell peppers in a traditional Pad Thai sauce with peanut pieces. *Trademark of Celiac Canada. Used under license.",Prepared meals,International Entrées,N,N,N,Y,907 g,907,14.99,Y,"Cooked rice noodles (rice, water), Cooked seasoned chicken (chicken breast fillets, water, modified corn starch, sodium phosphate, salt), Water, Bean sprouts, Carrots, Sugars (brown sugar, tamarind paste), Red bell peppers, Peanuts, Green onions, Fish sauce (anchovy, salt, sugar), Onions, Canola oil, Shallots, Garlic puree (garlic, water), Corn starch, Cilantro, Concentrated lime juice, Crushed chili peppers, Spice extracts. Contains: Peanuts, Anchovy. May contain: Tree nuts.","Peanuts, Fish, Treenuts",1/3 of tray (300 g),300,370,10,2,50,3,19,19,40,610,400
549,Chicken Linguine with Parmesan,"Our exclusive recipe of linguine noodles with cooked seasoned chicken breast, red bell peppers and parmesan and part skim mozzarella cheeses in a tomato sauce.",Single serve,Classic Entrées,Y,N,N,N,275 g,275,4.99,Y,"Cooked pasta (durum wheat semolina, water), Cooked seasoned chicken (chicken breast fillets, water, modified corn starch, sodium phosphate, salt), Water, Part skim mozzarella and parmesan cheeses, Crushed tomatoes, Red bell peppers, Onions, Canola oil, Chicken broth, Tomato paste, Modified corn starch, Basil, Sugar, Garlic puree (garlic, water), Salt, Spices. Contains: Wheat, Milk.","Milk, Gluten",1 tray (275 g),275,280,6,2.5,30,3,3,26,45,560,450
4294,Chicken Parmesan,"Our exclusive recipe of breaded seasoned boneless chicken breast cutlettes, stuffed with pizza mozzarella, parmesan and romano cheeses, tomato sauce, peppers and mushrooms.",Butcher,Stuffed Chicken,N,N,N,N,142 g,142,4.99,Y,"Chicken (chicken, water, soy protein product, salt, onion powder, garlic powder, spice extract), Breading (toasted wheat crumbs with spice extract, soybean oil, water, modified corn starch, enriched wheat flour, corn flour, wheat gluten, salt, baking powder, modified palm oil, defatted soy flour, guar gum), Stuffing (water, pizza mozzarella cheese, tomatoes [tomato puree, citric acid], red and green bell peppers, salt, mushrooms [mushrooms, citric acid and/or ascorbic acid], parmesan cheese, romano cheese, canola oil, modified corn starch, sugar, onion powder, garlic powder, spices, parsley). Contains: Milk, Wheat, Soy.","Soy, Milk, Gluten",1 portion (142 g),142,290,14,2.5,21,3,6,19,40,630,350
5031,Chicken Parmesan & Spaghetti Kit,"Our signature kit of two fully cooked, breaded chicken breasts topped with a savoury tomato sauce, pizza mozzarella and parmesan cheeses. Served over a bed of tender spaghetti.",Prepared meals,Meal Kits,N,N,N,N,907 g,907,19.99,Y,"Tomato Sauce (crushed tomatoes, diced tomatoes [tomatoes, tomato juice, salt, calcium chloride, citric acid], onions, balsamic vinegar [wine vinegar, concentrated grape must, caramel, sulphite], canola oil, sugar, modified corn starch, garlic in oil [garlic, canola oil, water, citric acid], salt, spices and herbs), Pasta (durum wheat semolina pasta, water, canola oil), Seasoned breaded chicken breast (chicken breast fillet, water, enriched wheat flour, soybean oil, modified tapioca starch, salt, sugars [sugar, dextrose, tapioca maltodextrin], rice bran oil shortening, wheat starch, wheat gluten, rice flour, spices, hydrolyzed soy protein, spice extracts, sodium acid pyrophosphate, sodium bicarbonate, yeast, DATEM, ascorbic acid, onion powder, garlic powder, black pepper extract, xanthan gum, guar gum, tapioca starch, yeast extract, flavour, chicken fat), Pizza mozzarella cheese (pasteurized milk, modified milk ingredients, salt, calcium chloride, bacterial culture, microbial enzyme, lactic acid), Parmesan cheese (pasteurized partly skimmed milk, salt, bacterial culture, microbial enzymes). Contains: Milk, Soy, Wheat, Sulphites.","Soy, Milk, Gluten, Sulfites",1/3 of package (300 g),300,360,11,2,47,5,8,17,25,620,700
456,Chicken Quesadillas,"Quesadillas are a fuss-free dinner kids will devour. Stuffed with roasted chicken, cheese and veggies, and a creamy jalapeño sauce, this convenient dish is ready in less than 15 minutes. Serve with salad or roasted veggies to make them a meal.",Prepared meals,International Entrées,N,N,N,N,500 g,500,9.99,Y,"Filling: Jalapeño Sauce (Sour Cream [modified Milk Ingredients, Modified Corn Starch, Guar Gum, Carrageenan, Carob Bean Gum, Sodium Citrate, Sodium Phosphate, Bacterial Culture], Cream Cheese [milk Ingredients, Bacterial Culture, Carob Bean Gum, Salt], Jalapeño Peppers [jalapeño Peppers, Water, Vinegar, Salt, Calcium Chloride, Turmeric], Spices, Sugar, Herbs, Garlic, Salt, Modified Corn Starch), Cooked Seasoned Chicken (Chicken Breast, Water, Tapioca Starch, Sugars [sugar, Dextrose, Brown Sugar, Tapioca Maltodextrin], Modified Tapioca Starch, Salt, Sodium Phosphate, Seasoning, Citric Acid), Mozzarella Cheese (Modified Milk Ingredients, Salt, Bacterial Culture, Calcium Chloride, Microbial Enzymes), Monterey Jack Cheese (Milk Ingredients, Salt, Bacterial Culture, Annatto , Calcium Chloride, Microbial Enzymes), Green And Red Bell Peppers, Onions. Tortilla: Wheat Flour, Water, Cornmeal, Canola Oil, Sugar, Baking Powder, Salt, Vegetable Monoglycerides, Sodium Stearoyl-2-lactylate, Calcium Propionate, Fumaric Acid. Contains: Milk, Wheat. May Contain: Soy.","Soy, Milk, Gluten",2 quesadilla ( 250 g),,580,25,14,57,3,3,32,90,950,350
4229,Chicken Satay with Peanut Sauce,"Hand-cut chicken breast pieces are seasoned with mild curry, skewered and charcoal-grilled. Take them for a dip in the spicy-sweet peanut sauce.",Appetizers,Mini Skewers,N,N,N,N,500 g,500,14.99,Y,"Chicken skewer: Chicken breast, Water, Coconut milk, Sugars (sugar, glucose syrup, dextrose), Tapioca starch, Curry powder (contains salt), Salt, Lemongrass. Peanut Sauce: Sugars (sugar, tapioca maltodextrin), Coconut milk, Peanuts, Red curry paste (rice bran oil, shallots, garlic, chili, lemongrass, galangal, salt, cumin, coriander root, curry powder, turmeric, kaffir lime peel), Massaman curry paste (creamed coconut, spices [lemongrass, chili, galangal, cloves, coriander, cumin, mace, cardamom, kaffir lime, nutmeg, cinnamon, white pepper], coconut palm sugar, garlic, shallots, salt, tocopherols, paprika extract), Water, Palm oil, Modified tapioca starch, Salt, Xanthan gum. Contains: Wheat, Peanuts, Mustard.","Peanuts, Gluten, Mustard",,,140,3,2,5,1,2,22,65,210,350
495,Chicken Spring Rolls,"Freshly prepared wonton wrappers are stuffed with traditional veggies, chicken, water chestnuts, and shredded cabbage, grown locally in Quebec. This perfect snack l is ready in minutes, just heat and serve.",Appetizers,Rolls,N,N,N,N,432 g,432,9.99,Y,"Filling (cabbage, cooked chicken, water chestnuts, carrots, peas, onions, modified corn starch, sugar, salt, spices, sesame oil), Wrapper (water, enriched wheat flour, liquid whole egg), Canola oil. Contains: Egg, Wheat, Sesame. May Contain: Soy.","Sesame seeds, Egg, Soy, Gluten",1 roll (72 g),72,140,5,0.5,18,2,2,6,5,240,100
255,Chicken Stir Fry Kit,"Our chicken stir fry kit has all the fixings for a family-sized feast. Easy to prepare in under 20 minutes, we’ve included everything you need for a delicious Asian-inspired entree so you can just focus on having fun!",Prepared meals,Meal Kits,N,N,N,N,840 g,840,19.99,Y,"Cooked seasoned chicken strips (chicken, water, modified corn starch, salt, sodium phosphate, sugars [dextrose, maltodextrin, sugar], chicken powder, chicken fat, hydrolyzed corn protein, disodium inosinate, disodium guanylate, spice extracts, garlic extract), Vegetables (peas, broccoli, mushrooms, red bell peppers, water chestnuts, onions, carrots), Sauce (soy sauce [water, wheat, soybeans, salt, alcohol, vinegar, lactic acid], sugar, mirin [glucose, fermented rice extract {rice, alcohol, salt, citric acid}, water, salt], modified corn starch, lactic acid, garlic powder, spices). Contains: Wheat, Soy.","Soy, Gluten",2 cups (300 g),300,320,11,3.5,26,3,17,30,125,970,650
214,Chicken Strips,"Our chicken strips are cut from only the best-quality whole breast meat. They’re tender and juicy, with a super-crunchy breading. Ready in less than 30 minutes, these crispy strips pair perfectly with any of our dipping sauces.",Butcher,Breaded Chicken,N,N,N,N,1.36 kg,1360,34.99,Y,"Chicken (Chicken, Water, Salt), Coating (Toasted Wheat Crumbs with Spices, Corn Flour, Enriched Wheat Flour, Corn Starch, Sugar, Baking Powder, Salt, Spices), Soybean Oil. Contains: Wheat.",Gluten,2 1/2 strips (125 g),125,260,12,2,22,1,2,16,30,550,300
4391,Chicken Strips,Seasoned solid cut chicken breast fillets in our exclusive breading.,Butcher,Breaded Chicken,N,N,N,N,680 g,680,19.99,Y,"Chicken (chicken, water, salt), Coating (toasted wheat crumbs with spices and spice extracts, water, corn flour, enriched wheat flour, corn starch, sugar, baking powder, salt, spices), Soybean oil. Contains: Wheat.",Gluten,2 1/2 strips (125 g),125,260,12,2,22,1,2,16,30,550,300
4292,Chicken Swiss,"Our exclusive recipe of breaded seasoned boneless chicken breast cutlettes, stuffed with processed Swiss cheese and smoked ham.",Butcher,Stuffed Chicken,N,N,N,N,142 g,142,4.99,Y,"Chicken (chicken, water, soy protein product, salt, onion powder, garlic powder, spice extract), Breading (toasted wheat crumbs with spice extract, water, soybean oil, modified corn starch, enriched wheat flour, corn flour, wheat gluten, salt, baking powder, modified palm oil, defatted soy flour, guar gum). Stuffing (processed swiss cheese [cheese {milk ingredients, salt, bacterial culture, calcium chloride, microbial enzyme, propionic culture}, modified milk ingredients, water, sodium citrate, potassium phosphate, potassium citrate, sodium phosphate, potassium sorbate, salt, citric acid], smoked ham). Contains: Milk, Wheat, Soy.","Soy, Milk, Gluten",1 portion (142 g),142,330,16,4,25,3,6,21,45,730,400
4251,Chicken Teriyaki,"Our exclusive recipe of cooked seasoned chicken breast in a sweet teriyaki sauce with basmati rice, broccoli, carrots and red bell peppers. Whether you’re in a rush or just eager to eat, this enticing entrée is ready from frozen in a flash. We’ve perfectly prepped and portioned tender teriyaki laden chicken breast, basmati rice and colourful veggies into a microwaveable bowl for ultimate flavour and convenience.",Single serve,Classic Entrées,Y,N,N,N,300 g,300,4.99,Y,"Cooked basmati rice (water, basmati rice), Cooked seasoned chicken (chicken breast fillets, water, modified corn starch, sodium phosphate, salt), Water, Carrots, Sugars (sugar, brown sugar, pineapple juice [pineapple juice, ascorbic acid], concentrated orange juice), Broccoli, Soy sauce (water, wheat, soybeans, salt, alcohol, vinegar, lactic acid), Red bell peppers, Ginger puree (ginger, water), Modified corn starch, Beef flavour (roasted beef including beef juices, salt, flavour, potato flour, caramel, corn oil, paprika), Modified tapioca starch, Canola oil, Sesame oil, Soy sauce powder (soy sauce [soybeans, wheat, salt], maltodextrin), Yeast extract, White vinegar, Potassium chloride, Caramel, Spice extracts. Contains: Wheat, Soy, Sesame.","Sesame seeds, Soy, Gluten",1 bowl (300 g),300,310,2,0.5,52,2,17,19,35,520,450
4345,Chicken Teriyaki,"Our exclusive recipe of cooked seasoned chicken breast in a sweet teriyaki sauce with basmati rice, broccoli, carrots and red bell peppers.",Prepared meals,International Entrées,N,N,N,N,907 g,907,14.99,Y,"Cooked basmati rice (water, basmati rice), Cooked seasoned chicken (chicken breast fillets, water, modified corn starch, sodium phosphate, salt), Water, Carrots, Sugars (sugar, brown sugar, pineapple juice [pineapple juice, ascorbic acid], concentrated orange juice), Broccoli, Soy sauce (water, wheat, soybeans, salt, alcohol, vinegar, lactic acid), Red bell peppers, Ginger puree (ginger, water), Modified corn starch, Beef flavour (roasted beef including beef juices, salt, flavour, potato flour, caramel, corn oil, paprika), Modified tapioca starch, Canola oil, Sesame oil, Soy sauce powder (soy sauce [soybeans, wheat, salt], maltodextrin), Yeast extract, White vinegar, Potassium chloride, Caramel colour, Spice extracts. Contains: Wheat, Soy, Sesame.","Sesame seeds, Soy, Gluten",1/3 of tray (300 g),300,310,2,0.5,52,2,17,19,35,520,450
4293,Chicken with Broccoli and Cheese,"Our exclusive recipe of breaded seasoned boneless chicken breast cutlettes, stuffed with broccoli and cheddar cheese.",Butcher,Stuffed Chicken,N,N,N,N,142 g,142,4.99,Y,"Chicken (chicken, water, soy protein product, salt, onion powder, garlic powder, spice extracts), Breading (toasted wheat crumbs with spice extracts, soybean oil, water, modified corn starch, enriched wheat flour, corn flour, wheat gluten, salt, baking powder, modified palm oil, defatted soy flour, guar gum), Stuffing (broccoli, shredded cheddar cheese, water, celery, enriched wheat flour, onions, skim milk powder, butter, agar-agar, spicy red pepper sauce [distilled vinegar, red peppers, salt], xanthan gum, salt, spices). Contains: Milk, Soy, Wheat.","Soy, Milk, Gluten",1 portion (142 g),142,300,15,3,21,3,5,19,35,540,350
4079,Chipotle Mayo Spread,A savoury spread with a kick from chipotle peppers. Great for dipping or spreading.,Pantry essentials,Condiments,N,Y,N,N,300 mL,,6.99,Y,"Canola oil, Water, Sugars (sugar, blackstrap molasses), Tomato paste, Frozen egg yolk, Vinegar, Salt, Dried chipotle peppers, Modified corn starch, Lactic acid, Concentrated lemon juice, Spices, Smoke flavour, Xanthan gum, Garlic powder, Potassium sorbate, Spice extracts, Onion powder, Calcium disodium EDTA. Contains: Egg.",Egg,2 tbsp (30 mL),,150,15,1,3,0,2,0,10,160,50
4198,Chocolate Chip Cookie Ice Cream Sandwiches,Creamy vanilla ice cream sandwiched between chocolate chip cookies. Experience the smooth excellence of Canadian quality milk sandwiched between two gluten-free chocolate chip cookies in this classic frozen treat! Rest assured that serving this showstopping sweet treat will certainly get you some smiles. *Trademark of Celiac Canada. Used under license.,Desserts,Ice Cream & Novelties,N,N,N,Y,600 mL,,11.99,Y,"Vanilla Ice Cream: Fresh Milk And/or Fresh Cream, Sugars (Sugar, Corn Syrup Solids, Dextrose), Milk Ingredients, Mono- And Diglycerides, Guar Gum, Polysorbate 80, Carrageenan, Natural Vanilla Flavour. Chocolate Chip Cookies: Gluten Free Flour Mix (Rice Flour, Soy Flour, Cassava Starch, Xanthan Gum), Brown Sugar, Soybean And Modified Palm Oil Margarine, Semi-sweet Chocolate Chips (Sugar, Unsweetened Chocolate, Cocoa Butter, Dextrose, Soy Lecithin, Vanilla Extract), Water, Milled Flaxseed, Natural Flavour, Baking Soda. Contains: Milk, Soy.","Soy, Milk",Per 1 cookie sandwich (100 mL),,210,10,4,27,1,18,4,10,105,150
5043,Chocolate Chip Crookies,"Blowing up on social media and taking bakeries by storm, Chocolate Chip Crookies are the ultimate mashup of flaky croissant layers topped with gooey chocolate chip cookie dough, baked to perfection. Crisp edges, a soft centre and melt-in-your-mouth magic. One bite and you’ll get the hype.",Desserts,Bread,N,N,N,N,340 g,340,7.99,Y,"Enriched wheat flour, Sugars (sugar, brown sugar), Margarine (modified palm oil, canola oil, soy lecithin, beta-carotene), Liquid whole egg, Semi-sweet chocolate chips (sugar, unsweetened chocolate, cocoa butter, soy lecithin, natural vanilla extract), Butter, Partly skimmed milk, Water, Yeast, Salt, Natural flavour, Baking powder, Sunflower oil, Ascorbic acid, Amylase, Xylanase, Lipase, Inactivated yeast. Contains: Wheat, Egg, Milk, Soy.","Egg, Soy, Milk, Gluten",1 crookie (85 g),85,370,18,10,45,2,18,7,50,280,125
635,Chocolate Chunk Cream Bars,"Enjoy a chewy fudge brownie base combined with a whopping amount of milk chocolate chunks. Topped with dark and white chocolate icing, we finish them off with a dark chocolaty drizzle.",Desserts,Bars & Squares,N,Y,N,N,850 g,850,19.99,Y,"Sugars (sugar, icing sugar, glucose, fancy molasses), Modified palm and modified palm kernel and canola oil margarine, Enriched wheat flour, Milk chocolate (sugar, whole milk powder, cocoa butter, unsweetened chocolate, soy lecithin, natural vanilla flavour), Liquid whole egg, Whipping cream (cream, cellulose gel, carrageenan, cellulose gum), Cocoa powder, White chocolate (sugar, cocoa butter, whole milk powder, soy lecithin, natural vanilla flavour), Water, Canola oil, Unsweetened chocolate, Chocolatey coating (sugar, palm kernel stearin, cocoa powder, modified milk ingredients, soy lecithin, vanilla extract), Sodium phosphate, Sodium alginate, Flavour, Baking soda. Contains: Milk, Soy, Egg, Wheat. May Contain: Peanuts, Tree Nuts, Sulphites.","Peanuts, Egg, Soy, Treenuts, Milk, Gluten, Sulfites",1/21 of tray (40 g),40,180,9,4,21,1,15,3,20,80,125
5074,Chocolate Dipped Cheesecake,"Indulge in a decadent New York style cheesecake enrobed in a smooth, semi-sweet chocolate coating. This gluten-free cheesecake offers an exquisite balance of velvety texture and rich flavour for a truly unforgettable dessert. *<sup>TM</sup>Trademark of the Celiac Canada. Used under license.",Desserts,Cheesecake,N,N,N,Y,600 g,600,17.99,Y,"Cream cheese (milk ingredients, salt, locust bean gum, bacterial culture), Sugars (cane sugar, brown sugar), Sour cream (modified milk ingredients, microbial enzymes, bacterial culture), Liquid whole egg, Gluten-free oat flour, Gluten-free flour mix (rice flour, tapioca starch, guar gum), Coconut oil, Semi-sweet chocolate (sugar, unsweetened chocolate, cocoa butter, soy lecithin, natural vanilla extract), Water, Corn starch, Liquid egg white, Canola oil, Natural vanilla flavour, Sea salt. Contains: Milk, Egg, Soy. May contain: Almonds.","Egg, Soy, Treenuts, Milk",1/5 cake (120 g),120,400,20,13,48,1,28,7,100,270,175
4348,Chocolate Lovers Variety Pack,"This gluten-free and vegan (YES!) collection is a well-loved trio of decadent dessert bars. With Spiced Chocolate Chip, Oatmeal Chocolate Fudge and Chocolate Macaroons, there’s something in here for everyone. If you’ve got a sweet tooth, we’ve got just the treats for you - ready to serve as soon as they’re thawed, this decadent chocolate trio of gluten-free, vegan desserts shows that good things really do come in threes. *Trademark of Celiac Canada. Used under license.",Desserts,Bars & Squares,N,Y,Y,Y,850 g,850,17.99,Y,"Spiced Chocolate Chip: Chocolate (Sugar, Cocoa Mass, Cocoa Butter, Soy Lecithin, Vanilla Extract), Sugars (Brown Sugar), Gluten-Free Flour Blend (Gluten-Free Oats, White Rice, Potato Starch, Tapioca Starch), Gluten-Free Rolled Oats, Palm Oil Shortening, Canola Oil, Cellulose, Psyllium, Sodium Bicarbonate, Ginger, Cinnamon, Sea Salt, Flaxseed, Cloves. Oatmeal Chocolate Fudge: Sugars (Brown Sugar), Chocolate (Sugar, Cocoa Mass, Cocoa Butter, Soy Lecithin, Vanilla Extract), Gluten-Free Rolled Oats, Gluten-Free Flour Blend (Gluten-Free Oats, White Rice, Potato Starch, Tapioca Starch, Defatted Soy), Palm Oil Shortening, Canola Oil, Cellulose, Psyllium, Sea Salt, Sodium Bicarbonate, Flaxseed. Chocolate Macaroons: Sugars (Brown Sugar), Gluten Free Flour Blend (Gluten- Free Oats, White Rice, Potato Starch, Tapioca Starch, Defatted Soy Flour), Shredded Coconut, Canola Oil, Gluten-Free Rolled Oats, Palm Oil Shortening, Chocolate Chips (Sugar, Cocoa Mass, Cocoa Butter, Soy Lecithin, Vanilla Extract), Cocoa, Cellulose, Psyllium, Sodium Bicarbonate, Sea Salt, Flaxseed. Contains: Soy. May Contain: Peanuts, Tree Nuts, Sesame.","Peanuts, Sesame seeds, Soy, Treenuts",,,190,9,3.5,25,2,15,2,0,70,75
4583,Cinnamon Bun Pull-Apart Bread,"A pillowy soft cinnamon bun pull-apart bread, ready to be drizzled with the accompanied real cream cheese icing for that ooey, gooey goodness.",Bakery,Bread,N,N,N,N,625 g,625,14.99,Y,"Cinnamon bun pull-apart bread:Enriched wheat flour, Sugars (brown sugar, sugar), Water, Margarine (soybean oil, modified palm oil, palm oil, soy lecithin, beta-carotene), Butter, Liquid whole egg, Yeast, Canola Oil, Salt, Cinnamon, Mono- and diglycerides, Flavour, stearoyl-2-lactylate, Soy oil, Beta-carotene, Amylase, Protease, Ascorbic acid, Xylanase, Inactive yeast. Icing: Sugars (sugar, maltodextrin, dextrose), Margarine (palm oil, water, salt, vegetable mono- and diglycerides, flavour, citric acid, beta-carotene, vitamin A palmitate), Cream cheese (milk, cream, salt, carob bean gum, cheese cultures), Water. Contains: Wheat, Egg, Milk, Soy.","Egg, Soy, Milk, Gluten",,,210,6,2,35,1,15,4,15,150,50
5081,Cinnamon Twist Cookie Ice cream Sandwiches,"A cinnamon twist on the classic ice cream cookie sandwich! Soft-baked cookies, naturally flavoured with cinnamon and vanilla, embrace a creamy vanilla ice cream centre. And bonus – they’re gluten-free! Perfect for sharing with family and friends without worry. *<sup>TM</sup>Trademark of the Celiac Canada. Used under license.",Desserts,Ice Cream & Novelties,N,N,N,Y,,,11.99,Y,"Vanilla ice cream: Milk and/or Cream, Sugars (sugar, corn syrup solids, dextrose), Milk ingredients, Mono- and diglycerides, Guar gum, Polysorbate 80, Carrageenan, Natural vanilla flavour. Cookies: Sugars (sugar, brown sugar), Gluten free flour (rice flour, tapioca starch, soy flour, sodium bicarbonate, xanthan gum), Soybean oil and modified palm oil margarine, Water, Milled flaxseeds, Cinnamon, Natural flavour, Salt. Contains: Milk, Soy.","Soy, Milk",1 cookie sandwich (100 mL),,240,11,6,31,3,19,3,10,120,175
5078,Classic Beef Stew,"We’ve braised tender chunks of beef in rich gravy, then added red potatoes and veggies to make this tasty, traditional stew. Heat this homestyle family meal in the oven or warm it up quickly in the microwave. *<sup>TM</sup>Trademark of the Celiac Canada. Used under license.",Prepared meals,Chilis & Stews,N,N,N,Y,850 g,850,17.99,Y,"Water, Cooked beef, Carrots, Red potatoes, Celery, Tomato paste, Natural beef flavour (roasted beef including beef juices, salt, flavouring, potato flour, caramel, corn oil, paprika), Modified corn starch, Canola oil, Salt, Red wine vinegar, Dehydrated onions, Rosemary, Minced garlic, Sugar, Yeast extract, Caramel, Spices. Contains: Sulphites.",Sulfites,1/3 tray (300 g),300,210,8,2.5,21,4,5,14,35,1000,700
5079,Classic Beef Stew,"Our exclusive recipe of fully cooked seasoned braised beef, red potatoes, carrots and celery in a rich homestyle gravy. *<sup>TM</sup>Trademark of the Celiac Canada. Used under license.",Single serve,Classic Entrées,Y,N,N,Y,280 g,280,4.99,Y,"Water, Cooked beef, Carrots, Red potatoes, Celery, Tomato paste, Natural beef flavour (roasted beef including beef juices, salt, flavouring, potato flour, caramel, corn oil, paprika), Modified corn starch, Canola oil, Salt, Red wine vinegar, Dehydrated onions, Rosemary, Minced garlic, Sugar, Yeast extract, Caramel, Spices. Contains: Sulphites.",Sulfites,1 tray (280 g),280,200,7,2.5,20,3,5,13,30,930,650
527,Classic French Style Mini Quiche,"Enjoy the delicious combination of eggs, Monterey Jack and Swiss cheeses, bacon, onions and chives, encased in a baked pastry shell. Ready in under 4 minutes in microwave, this bite-size brunch staple is sure to please.",Appetizers,Cheese & Vegetable,N,N,N,N,340 g,340,9.99,Y,"Filling: Milk ingredients, Liquid whole egg, Monterey Jack cheese, Swiss cheese, Bacon, Modified corn starch, Dehydrated onions, Salt, Chives, Modified cellulose, Spices. Pastry: Enriched wheat flour, Palm and soybean oil shortening, Water, Sugars (dextrose), Salt, Sulphites. Contains: Milk, Egg, Wheat, Sulphites.","Egg, Milk, Gluten, Sulfites",4 mini quiches (85 g),85,290,19,9,21,1,3,8,65,450,125
530,Classic French Style Quiche,"Now taking centre stage at your next brunch: A hand-pinched, flaky rich crust made with Monterey Jack and Swiss cheeses, and bacon. Serve a slice with a mixed green salad for a deliciously simple dinner.",Single serve,Quiche,Y,N,N,N,170 g,170,5.99,Y,"Filling: Reconstituted milk (water, whole milk powder), Liquid whole egg, Cream (milk, cream, sodium citrate, sodium phosphate, carrageenan), Monterey Jack cheese, Swiss cheese, Cooked bacon, Dehydrated onions, Modified corn starch, Chives, Corn starch, Salt, Seasoning, Spices, Natural flavour. Pastry: Enriched wheat flour, Modified palm oil and canola oil shortening, Water, Canola oil, Salt, Yeast, Sugars (dextrose), Microbial enzymes. Contains: Egg, Milk, Wheat.","Egg, Milk, Gluten",1 quiche (170 g),170,410,25,11,32,2,5,14,175,590,300
4290,Classic Stuffed Potatoes,"Baked Russet Burbank potato halves stuffed with our exclusive blend of potato, butter, cream and chives. *® Registered trademark of the Canadian Celiac Association. Used under license.",Sides,Potatoes,N,N,N,Y,560 g,560,12.99,Y,"Potatoes, Butter, Cream (cream, carrageenan, mono and diglycerides), Salt, White pepper, Chives. Contains: Milk.",Milk,1 piece (142 g),142,160,5,3.5,25,3,0,4,15,60,700
4834,Cocktail Sauce,"A mild and tangy seafood sauce, great for dipping.",Pantry essentials,Sauces,N,Y,N,N,,,3.99,Y,"Water, Concentrated tomato paste, Sugar, White vinegar, Horseradish, Salt, Modified corn starch, Citric acid, Dehydrated onions, Spices, Anthocyanins, Natural flavour.",,2 tbsp (30 mL),,400,0,0,9,1,7,0,0,300,100
310,Cod Nuggets,Our premium North Atlantic cod pieces battered and lightly breaded in a crispy crumb coating. * Meets M&M Food Market sustainability guidelines.,Seafood,Breaded & Battered Fish,N,N,N,N,567 g,567,24.99,Y,"Atlantic cod, Toasted wheat crumbs, Enriched wheat flour, Water, Canola oil, Modified corn starch, Sugar, Salt, Seasonings (yeast extract, onions, spices), Corn flour, Modified milk ingredients, Baking powder, Soybean oil, Modified cellulose, Guar gum. Contains: Cod, Wheat, Milk. May contain: Tree nuts.","Fish, Treenuts, Milk, Gluten",5 nuggets (135 g),135,230,9,1,23,1,3,15,40,320,350
4590,Confetti Cake Pops,"Rich rainbow confetti vanilla birthday cake on a stick, enrobed in blue chocolaty coating and topped off with sprinkles.",Desserts,Bite Sized,N,N,N,N,216 g,216,9.99,Y,"Sugars (sugar, icing sugar, glucose), Water, Enriched wheat flour, Soybean oil and/or Palm oil shortening, Liquid whole egg, Canola oil and/or Palm oil, Palm kernel oil, Dried egg white, Skim milk powder, Whole milk powder, Glycerin, Corn starch, Flavours, Whey powder, Lecithin (soy and/or sunflower), Spirulina concentrate, Salt, Baking powder, Xanthan gum, Apples, Monoglycerides, Beet root powder, Turmeric, Red radishes, Annatto, Carnauba wax, Gum arabic, Amylase. Contains: Wheat, Egg, Milk, Soy.","Egg, Soy, Milk, Gluten",1 cake pop (36 g),36,150,7,1.5,21,0,13,1,10,100,40
207,Country Style Chicken Breasts,"Seasoned to perfection and fully cooked, these juicy chicken breasts are boneless, skinless and made from tender whole-muscle portions. Coated in a corn and rice-based breading rather than wheat, they’re your new go-to serving for all of your gluten-Free guests. *Trademark of Celiac Canada. Used under license.",Butcher,Breaded Chicken,N,N,N,Y,907 g,907,27.99,Y,"Chicken breasts, Breading (rice flour, water, yellow corn flour, modified corn starch, vegetable oil, salt, corn starch, sugars [tapioca dextrin, dextrose, sugar], pea protein product, garlic powder, rice starch, natural flavour, baking powder, roasted garlic, toasted onion powder, guar gum, modified cellulose, yeast, spices, spice extracts, paprika extract), Water, Corn starch, Potassium chloride, Tetrapotassium pyrophosphate, Salt, Sugars (dextrose, glucose solids, corn maltodextrin), Onion powder, Chicken fat, Yeast extract, Garlic powder, Dehydrated cooked chicken powder, Chicken broth powder, Spices, Modified corn starch, Natural flavour, Spice extracts, Chicken fat powder, Lactic acid.",,about 1 chicken breast (125 g),125,220,8,1.5,17,1,0,19,70,450,600
4205,Cream Cheese and Cheddar Stuffed Jalapeños,"These stuffed green jalapeño halves prove that two cheeses are better than one. Cream and Cheddar cheeses ooze deliciously from the perfectly crisp, par fried tempura coating. Savour the spicy, gooey goodness in every bite.",Appetizers,Cheese & Vegetable,N,N,N,N,360 g,360,12.99,Y,"Green jalapeño peppers (in water, salt, acetic acid), Water, Cream cheese (milk ingredients, salt, carob bean gum, bacterial culture), Enriched wheat flour, Toasted wheat crumbs, Canola oil and/or Modified canola oil, Cheddar cheese (modified milk ingredients, bacterial culture, salt, calcium chloride, microbial enzyme, annatto), Seasoning (whey, sunflower oil, sugars [maltodextrin], salt, sodium phosphate, citric acid, autolyzed yeast extract, oleoresin paprika, lactic acid, spices, flavour, turmeric extract), Modified corn starch, Wheat starch, Baking powder, Salt, Soy protein isolate, Sugars (sugar, dextrose), Modified palm oil, Modified milk ingredients, Modified cellulose, Spice extracts, Annatto extracts. Contains: Milk, Wheat, Soy. May contain: Mustard.","Soy, Milk, Gluten, Mustard",3 pieces (90 g),90,230,14,4,22,1,4,3,10,750,100
4457,Cream Cheese Stuffed Jalapeños,Spicy red jalapeño pepper halves stuffed with cream cheese and coated in a tempura batter.,Appetizers,Cheese & Vegetable,N,Y,N,N,360 g,360,12.99,Y,"Jalapeño peppers (jalapeño peppers, water, salt, acetic acid), Cream cheese (milk ingredients, salt, carob bean gum, bacterial culture), Water, Enriched wheat flour, Canola oil and/or Modified canola oil, Toasted wheat crumbs, Modified corn starch, Wheat starch, Baking powder, Modified palm oil, Salt, Soy protein isolate, Sugars (sugar, dextrose), Sodium caseinate, Modified cellulose, Spice extracts, Annatto extract. Contains: Milk, Wheat, Soy. May contain: Mustard.","Soy, Milk, Gluten, Mustard",3 pieces (90 g),90,240,14,4.5,24,1,4,4,15,590,75
5048,Creamy Chicken Lasagna,"A comforting twist on a classic, this tasty lasagna features tender pieces of cooked chicken breast pieces in a creamy cheese sauce with carrots, broccoli and spinach. Layered with ricotta, parmesan and mozzarella cheeses and finished with a breadcrumb topping- it's the kind dinner that makes weeknights feel special.",Prepared meals,Lasagna,N,N,N,N,907 g,907,14.99,Y,"Pasta (water, durum wheat semolina), Milk ingredients Chicken breast pieces, Water, Ricotta cheese (whey, milk, bacterial culture, salt, citric acid), Carrots, Part skim mozzarella cheese (partly skimmed milk, salt, cheese culture, calcium chloride, enzymes), Cream (cream, skim milk), Onions, Broccoli, Cream cheese (milk, cream, skim milk, salt, guar gum, xanthan gum, locust bean gum, bacterial cultures), Spinach, Natural flavour, Modified corn starch, Parmesan cheese (milk, bacterial culture, salt, lipase, calcium chloride, microbial enzymes), Toasted wheat crumbs, Salt, Yeast extract, Garlic, Spices, Concentrated lemon juice. Contains: Milk, Wheat.","Milk, Gluten",1/3 tray (300 g),300,430,17,10,38,3,5,31,90,760,600
5049,Creamy Chicken Lasagna,"Our exclusive chicken lasagna recipe, with tender chicken breast pieces in a creamy cheese and vegetable sauce, a seasoned ricotta cheese layer and topped with a cheesy breadcrumb topping.",Single serve,Classic Entrées,Y,N,N,N,340 g,340,4.99,Y,"Pasta (water, durum wheat semolina), Milk ingredients, Chicken breast pieces, Water, Ricotta cheese (whey, milk, bacterial culture, salt, citric acid), Carrots, Part skim mozzarella cheese (partly skim milk, salt, cheese culture, calcium chloride, enzymes), Cream (cream, skim milk), Onions, Broccoli, Cream cheese (milk, cream, skim milk, salt, guar gum, xanthan gum, locust bean gum, bacterial cultures), Spinach, Natural flavour, Modified corn starch, Parmesan cheese (milk, bacterial culture, salt, lipase, calcium chloride, microbial enzymes), Toasted wheat crumbs, Salt, Yeast extract, Garlic, Spices, Concentrated lemon juice. Contains: Milk, Wheat.","Milk, Gluten",1 tray (340 g),340,480,16,9,52,3,7,33,85,730,650
4346,Creamy Chicken Pasta,"Enjoy a comforting blend of rotini pasta, seasoned chicken breast and an array of vibrant veggies, all tossed in a beautifully rich cheddar cheese sauce. The delicious balance of protein, veggies and carbs makes this creamy entrée the perfect go-to dish.",Prepared meals,Pasta Dishes,N,N,N,N,907 g,907,14.99,Y,"Cooked pasta (water, durum wheat semolina), Cooked seasoned chicken (chicken breast fillets, water, modified corn starch, sodium phosphate, salt), Water, Tomatoes (tomatoes, tomato juice, calcium chloride, citric acid), Zucchini, Cheddar cheese, Onions, Red bell peppers, Carrots, Cream (milk, cream, sodium citrate, sodium phosphate, carrageenan), Eggplant, Modified corn starch, Whey powder, Butter, Enriched wheat flour, Canola oil, Garlic puree (garlic, water), Flavours (contain salt), Salt, Spices, Seasoning (contains mustard). Contains: Wheat, Milk, Mustard.","Milk, Gluten, Mustard",1/3 of tray (300 g),300,320,9,5,34,3,2,25,50,540,450
4462,Creamy Chicken Pot Pie,"Flaky golden pastry, chunks of white chicken breast and vegetables in a creamy sauce — this pie ticks off all the boxes. But you won’t have to wait hours to dig into this traditional comfort food dish — it’s ready in minutes thanks to the microwaveable packaging.",Single serve,Pot Pies,Y,N,N,N,250 g,250,5.99,Y,"Filling: Water, Cooked chicken, Carrots, Potatoes, Modified milk ingredients, Onions, Peas, White mushrooms, Chicken flavour (chicken meat including chicken juices, salt, potato flour, flavour, carrot powder, turmeric), Rendered chicken fat, Enriched wheat flour, Corn starch, Salt, Spices. Pastry: Enriched wheat flour, Soybean oil, Water, Sugars (dextrose), Salt, Sodium bicarbonate. Contains: Milk, Wheat.","Milk, Gluten",1 pie (250 g),250,630,35,15,60,3,9,18,40,810,400
4209,Creamy Rosé Chicken & Pasta Kit,"Elegance meets convenience in this delicious meal kit made with tender chicken breast pieces and penne pasta combined with a show stopping rosé sauce. Prepared on the stovetop and ready to serve in under 20 minutes, this kit makes any meal a special occasion.",Prepared meals,Meal Kits,N,N,N,N,907 g,907,19.99,Y,"Penne pasta (water, durum wheat semolina, soybean oil), Cooked seasoned chicken (chicken breast fillet, water, modified corn starch, salt), Rosé sauce (water, cream, tomatoes, sugar, soybean oil, modified corn starch, basil, salt, garlic, parmesan cheese, fruit extract [fruit extract, tapioca starch, vinegar powder], dehydrated onions, citric acid, spices), Cherry tomatoes, Spinach. Contains: Wheat, Milk.","Milk, Gluten",1/3 of bag (300 g),300,320,8,4.5,35,4,4,26,55,420,650
5029,Creamy Tuscan Style Chicken and Pasta Kit,"Our signature kit of penne pasta and tender cooked chicken breast pieces with a creamy rosé sauce made with spinach, sun-dried tomatoes and parmesan cheese.",Prepared meals,Meal Kits,N,N,N,N,907 g,907,19.99,Y,"Rosé sauce (cream [milk, cream, sodium citrate, sodium phosphate, carrageenan, locust bean gum], water, spinach, canola oil, sun-dried tomatoes, parmesan cheese, garlic, modified corn starch, herbs, spices), Cooked penne pasta (durum wheat semolina pasta, water, canola oil), Seasoned chicken breast strips (chicken breast, chicken broth, potato starch, salt, modified vinegar powder, sugar, flavour, yeast extract, spices). Contains: Milk, Wheat.","Milk, Gluten",1/3 of package (300 g),300,530,24,9,56,5,2,23,55,910,600
4376,Crinkle Cut Fries,"Our crinkle cut potato fries, ready for the air-fryer or oven for a crisp finish.",Sides,Fries & Wedges,N,N,N,N,600 g,600,5.99,Y,,,16 pieces (85 g),85,120,2,1,22,2,1,2,0,30,400
274,Crispy Breaded Chicken Breasts,"Our classic chicken breast portions are fully cooked and extremely tender. Seasoned and coated in our exclusive crispy breading, find your favourite prep style by trying them on the BBQ, in the pan, or air fryer.",Butcher,Breaded Chicken,N,N,N,N,907 g,907,19.99,Y,"Chicken (chicken, water, salt, sodium phosphate), Breading (toasted wheat crumbs with spice extracts, soybean oil, water, modified corn starch, enriched wheat flour, corn flour, salt, modified palm oil, baking powder, defatted soy flour, guar gum). Contains: Wheat, Soy.","Soy, Gluten",1 breast (113 g),113,230,12,2,16,0,1,14,40,540,225
4395,Crispy Breaded Chicken Wings,"Fully cooked, extra large wings are seasoned, dusted with flour and then gently fried. Covered with a light crunchy coating, they're perfect for dipping. Just heat and serve for a delicious snack or entrée.",Appetizers,Wings & Chunks,N,N,N,N,680 g,680,12.99,Y,"Chicken wings (drumettes and winglets), Breading (enriched wheat flour, vegetable oil, salt, spices, onion powder, garlic powder), Water, Salt, Sodium phosphate, Sugar, Spices. Contains: Wheat.",Gluten,about 2 wings (100 g),100,220,14,3.5,8,0,0,16,80,620,175
4232,Crispy  Everything Cream Cheese Bites,"Living up to their name, these Crispy Everything Cream Cheese Bites truly have it all. With a cream cheese core surrounded by a savoury blend laden with onion, garlic, sesame and poppy seeds, these bites are here to give your go-to snack staples a run for their money.",Appetizers,Rolls,N,Y,N,N,280 g,280,12.99,Y,"Cream Cheese (Milk Ingredients, Salt, Carob Bean Gum, Bacterial Culture), Batter (Water, Enriched Wheat Flour, Toasted Wheat Crumb with Spice Extractives, Modified Corn Starch, Wheat Starch, Baking Powder, Salt, Soy Protein Isolate, Sugars [Sugar, Dextrose], Modified Palm Oil, Sodium Caseinate, Modified Cellulose, Extractives of Annatto, Spice Extractives), Canola Oil And/or Modified Canola Oil, Breading (Rice Flour, Sesame Seeds, Poppy Seeds, Sea Salt, Grain Blend [Amaranth, Quinoa], Rice Starch, Sugars [Dextrose, Sugar], Dehydrated Garlic, Dehydrated Onions, Granulated Onions, Canola Oil And/or Sunflower Oil, Granulated Garlic, Spices, Salt, Caramel, Paprika Extractives, Yeast, Spice Extractives). Contains: Wheat, Milk, Soy, Sesame.","Sesame seeds, Soy, Milk, Gluten",Per 4 pieces (80 g),80,290,21,9,20,1,4,5,40,450,100
334,Crispy Torpedo Shrimp,Limited time only! Leaving the tails on these torpedo-shaped bites makes them easier to grab and devour. Sustainably sourced jumbo Pacific white shrimp are hand-rolled in crispy breading and lightly fried for that perfect golden finish. * Meets M&M Food Market sustainability guidelines.,Appetizers,Shrimp & Seafood,N,N,N,N,320 g,320,19.99,Y,"Shrimp (Shrimp, Sodium Phosphate, Salt), Wheat Flour, Sunflower And/or Soybean Oil, Water, Modified Tapioca Starch, Rice Flour, Garlic Puree, Sugar, Salt, Tapioca Starch, Wheat Gluten, Yeast. Contains: Shrimp, Wheat. May Contain: Sulphites.","Shellfish, Gluten, Sulfites",about 4 shrimp (125 g),125,310,15,1.5,26,1,1,16,90,300,150
4274,"Croissant Breakfast Sandwich - Bacon, Egg & Cheese","Indulge in layers of flaky pastry, tender bacon, a fluffy egg patty and hearty cheddar cheese in a matter of minutes with this microwave-ready morning masterpiece! Perfect for a gourmet-on-the-go brunch at the office, this simply prepared sandwich is sure to satisfy your appetite and solve your morning rush.",Single serve,Quiche,Y,N,N,N,260 g,260,9.99,Y,"Croissant (enriched wheat flour, palm oil margarine, water, sugar, liquid whole egg, yeast, whole milk powder, salt, dough conditioner [enriched wheat flour, enzymes, ascorbic acid]), Egg patty (liquid whole egg, water, whole milk powder, soybean oil and/or canola oil, salt, xanthan gum, citric acid), Cheddar cheese (milk, modified milk ingredients, salt, bacterial culture, calcium chloride, microbial enzyme, lipase), Cooked bacon (pork, water, salt, sugar, sodium phosphate, smoke flavour, sodium erythorbate, sodium nitrite, smoke). Contains: Wheat, Egg, Milk. May contain: Tree nuts, Sesame.","Sesame seeds, Egg, Treenuts, Milk, Gluten",1 sandwich (130 g),130,460,33,15,23,1,4,18,170,620,200
4647,Cryopak Flexible Ice Blanket,"BPA free and Non-toxic. Remain flexible when frozen. Wrap around products to maintain freshness. Wraps completely around a wine/champagne bottle for picnics. Reusable. Great for lunchboxes or coolers. Can be used for Sports injuries too. Re-freezes quickly. Dimensions: 8.6"" x 4.8"" x 1"". Can be cut down to size, if needed.",Kitchen essentials,Impulse General Merchandise,N,N,N,N,,,8.99,Y,,,,,,,,,,,,,,
4567,Deep Dish Beef and Vegetable Pie,"We make the shortcrust pastry for this pie just like you would. Golden and super-flaky, it’s the ideal container for the rich, savoury braised-beef-and-veg filling.",Prepared meals,Savoury Pies,N,N,N,N,907 g,907,17.99,Y,"Filling: Water, Cooked Beef, (Beef, Modified Corn Starch, Salt, Flavour, Spices And Spice Extracts, Dextrose, Caramel, Onions, Garlic, Parsley, Xanthan Gum), Mushrooms, Onions, Carrots, Potatoes, Peas, Rendered Beef Fat, Corn Starch, Salt, Wheat Flour, Caramel, Garlic Powder, Spices. Pastry: Enriched Wheat Flour, Lard, Water, Dextrose, Salt, Sodium Bicarbonate.",Gluten,1/4 of tray (227 g),227,630,38,14,59,3,2,13,55,670,
5033,Deep Dish Beef & Vegetable Pie,"Deep dish bliss! We make our pastry the way your grandmother did, golden, tender and beautifully flaky, then fill it to the brim with slow braised beef and hearty vegetables in a rich, savoury gravy. A pie that feels like home from the first forkful.",Prepared meals,Savoury Pies,N,N,N,N,800 g,800,17.99,Y,"Filling: Water, Cooked beef (beef, salt), Mushrooms, Onions, Carrots, Potatoes, Peas, Filtered beef tallow, Modified maize starch, Enriched wheat flour, Beef stock concentrate (beef stock, natural flavour, salt, beef fat), Salt, Caramel, Garlic powder, Black pepper. Pastry: Enriched wheat flour, Vegetable shortening (canola oil, modified palm oil, modified palm kernel oil), Water, Sugars (dextrose), Salt, Sodium bicarbonate. Contains: Wheat.",Gluten,1/4 of tray (200 g),200,500,29,10,47,3,1,12,20,510,250
498,Deep Dish Chicken Pie,Get cozy with the delicious homestyle comfort of our Deep Dish Chicken Pie. Tender diced chicken breast and golden pastry make for a hearty harvest entree that's as easy as pie.,Prepared meals,Savoury Pies,N,N,N,N,907 g,907,17.99,Y,"Filling: Water, Cooked chicken, Milk ingredients, Carrots, Cauliflower, Chicken fat, Celery, Onions, Peas, Mushrooms, Modified corn starch, Salt, Sugars (dextrose), Hydrolyzed soy and/or corn protein, Chicken broth powder, Enriched wheat flour, Onion powder, Spices, Garlic powder, Disodium inosinate, Disodium guanylate. Pastry: Enriched wheat flour, Lard, Water, Salt, Milk ingredients, Sugars (dextrose). Contains: Soy, Wheat, Milk.","Soy, Milk, Gluten",1/5 of pie (181 g),181,500,30,13,40,2,1,17,50,750,250
406,Deep Dish Deluxe Pizza,"Need to get a meal on the table quickly? Topped with pepperoni, red and green peppers, onions and gooey mozzarella cheese, these five-inch deep-dish pizzas make an oh-so-easy lunch or dinner alongside a green salad. Everyone gets their own, so there’s no fighting over the last slice.",Single serve,Mini Pizzas,Y,N,N,N,160 g,160,2.99,Y,"Crust: Enriched wheat flour, Water, Shortening (palm oil, natural butter flavour), Cornmeal, Sugar, Yeast, Soybean oil, Salt. Toppings: Pizza sauce (water, tomato paste, canola oil, seasoning [sugar, salt, spices, modified corn starch, garlic powder, onion powder]), Pepperoni (pork, water, seasoning [enriched wheat flour, salt, spices, dextrose, milk ingredients, garlic powder, sodium nitrite, sodium erythorbate], rosemary extract), Mozzarella cheese (milk ingredients, modified milk ingredients, salt, bacterial culture, calcium chloride, microbial enzymes), Pizza topping (water, palm oil, modified milk ingredients, modified corn starch and/or potato starch, salt, sodium phosphate, citric acid, sodium citrate, potassium sorbate, beta-carotene), Green and red bell peppers, Onions, Powdered cellulose. Contains: Milk, Soy, Wheat.","Soy, Milk, Gluten",1 pizza (160 g),160,360,12,6,49,3,4,13,5,460,225
401,Deep Dish Pepperoni Pizza,"Topped with diced pepperoni and gooey mozzarella, these five-inch deep-dish pizzas make an oh-so-easy lunch or dinner alongside a green salad. Everyone gets their own, so there’s no fighting over the last slice.",Single serve,Mini Pizzas,Y,N,N,N,160 g,160,2.99,Y,"Crust: Enriched wheat flour, Water, Shortening (palm oil, natural butter flavour), Cornmeal, Sugar, Yeast, Soybean oil, Salt. Toppings: Pizza sauce (water, tomato paste, canola oil, seasoning [sugar, salt, spices, modified corn starch, garlic powder, onion powder]), Pepperoni (pork, water, seasoning [enriched wheat flour, salt, spices, dextrose, milk ingredients, garlic powder, sodium nitrite, sodium erythorbate], rosemary extract), Mozzarella cheese (milk ingredients, modified milk ingredients, salt, bacterial culture, calcium chloride, microbial enzymes), Pizza topping (water, palm oil, modified milk ingredients, modified corn starch and/or potato starch, salt, sodium phosphate, citric acid, sodium citrate, potassium sorbate, beta-carotene), Powdered cellulose. Contains: Milk, Soy, Wheat.","Soy, Milk, Gluten",1 pizza (160 g),160,390,14,6,51,3,6,14,15,550,225
4589,Deluxe Meat Lasagna,"Our signature lasagna made with egg pasta, a generous blend of ground beef and pork and a rich and creamy three cheese layer of ricotta, romano and parmesan cheeses. Interwoven with tomato sauce and topped with mozzarella.",Prepared meals,Lasagna,N,N,N,N,1.81 kg,1810,26.99,Y,"Pasta (water, durum wheat semolina, dried egg white), Meat (beef, pork), Water, Ricotta cheese (whey, milk, bacterial culture, salt, citric acid), Mozzarella cheese (milk, salt, bacterial culture, calcium chloride, microbial enzyme), Crushed tomatoes, Diced tomatoes (tomatoes, tomato juice, citric acid, calcium chloride), Onions, Vinegar, Modified corn starch, Skim milk powder, Salt, Romano cheese (milk, salt, bacterial culture, calcium chloride, microbial enzyme), Garlic, Spices, Sugar, Parmesan cheese (milk, salt, bacterial culture, calcium chloride, microbial enzyme), Dried onion, Yeast extract, Dried garlic. Contains: Milk, Egg, Wheat.","Egg, Milk, Gluten",1/6 tray (300 g),300,410,18,9,34,5,7,29,70,850,550
4588,Deluxe Meat Lasagna,"Our signature lasagna made with egg pasta, a generous blend of ground beef and pork and a rich and creamy three cheese layer of ricotta, romano and parmesan cheeses. Interwoven with tomato sauce and topped with mozzarella.",Prepared meals,Lasagna,N,N,N,N,907 g,907,14.99,Y,"Pasta (water, durum wheat semolina, dried egg white), Meat (beef, pork), Water, Ricotta cheese (whey, milk, bacterial culture, salt, citric acid), Mozzarella cheese (milk, salt, bacterial culture, calcium chloride, microbial enzyme), Crushed tomatoes, Diced tomatoes (tomatoes, tomato juice, citric acid, calcium chloride), Onions, Vinegar, Modified corn starch, Skim milk powder, Salt, Romano cheese (milk, salt, bacterial culture, calcium chloride, microbial enzyme), Garlic, Spices, Sugar, Parmesan cheese (milk, salt, bacterial culture, calcium chloride, microbial enzyme), Dried onion, Yeast extract, Dried garlic. Contains: Milk, Egg, Wheat.","Egg, Milk, Gluten",1/3 tray (300 g),300,400,16,9,36,4,7,29,65,840,600
4250,Demi Baguette,"Crafted with care and tradition, our mini baguette features a golden, crisp crust and a delicately airy interior – ready to enjoy in just 8 to 10 minutes. Whether you're serving it as a side or stacking it high with your favourite sandwich fillings, this mini baguette is more than just bread.",Bakery,Bread,N,N,N,N,200 g,200,2.99,Y,"Enriched wheat flour, Water, Whole wheat flour, Malted barley flour, Salt, Yeast, Durum wheat semolina.","Sesame seeds, Egg, Soy, Treenuts, Milk, Gluten",about 1/3 baguette (75 g),75,190,1,0.3,39,2,2,7,0,320,75
4668,Dessert Bar Variety Pack,"This decadent pack features a trio of rich treats — Walnut Brownies, Chocolate Coconut Bars and Peppermint Nanaimo Bars — to please your sweet tooth. The best part? Each one of them is gluten-free and vegan! *Trademark of Celiac Canada. Used under license.",Desserts,Bars & Squares,N,Y,Y,Y,675 g,675,17.99,Y,"Walnut brownie: Sugars (brown sugar), Tofu (water, soybeans, calcium sulphate, gluconolactone), Cocoa, Gluten-free flour blend (tapioca starch, chickpea, whole grain rice, sorghum), Palm oil shortening, Canola oil, Ground almonds, Dairy-free chocolate (sugar, cocoa mass, cocoa butter, soy lecithin, vanilla extract), Walnuts, Water, Sea salt. Contains: Walnuts, Almonds, Soy. May contain: Peanuts, Pecans, Cashews, Sesame. Peppermint nanaimo bar: Sugars (icing sugar, cane sugar, brown rice syrup, tapioca syrup), Sustainable palm fruit oil, Dairy-free chocolate (sugar, unsweetened chocolate, cocoa butter, soy lecithin, natural vanilla extract), Tapioca flour, Filtered water, Cocoa, Tofu (water, non-GMO soybeans, glucono-delta-lactone, magnesium chloride), Canola Oil, Whole grain brown rice flour, Arrowroot flour, Chickpea flour, Sorghum flour, Baking soda, Sea salt, Peppermint oil.Contains: Soy. May contain: Peanuts, Almonds, Walnuts, Pecans, Cashews, Sesame. Chocolate coconut bar: Sugars (sugar, tapioca syrup), Dairy-free chocolate (sugar, cocoa mass, cocoa butter, soy lecithin, vanilla extract), Water, Shredded coconut, Gluten-free flour blend (tapioca starch, chickpea, whole grain rice, sorghum), Canola oil, Palm oil shortening, Defatted soy flour, Baking soda, Sea salt. Contains: Soy. May contain: Peanuts, Almonds, Walnuts, Pecans, Cashews, Sesame.","Peanuts, Sesame seeds, Soy, Treenuts",,,160,7,2,23,2,17,2,0,10,150
5042,Chocolate Cake Pops,"Who says cake needs a fork? These rich, chocolaty bites are dipped, sprinkled, and served on a stick for maximum fun. With a moist and dense centre, a sweet chocolaty outer shell and a pop of colourful crunch, every bite brings the party.",Desserts,Bite Sized,N,N,N,N,216 g,216,9.99,Y,"Sugars (sugar, icing sugar, glucose), Water, Enriched wheat flour, Liquid whole egg, Soybean oil and/or Palm oil shortening, Canola oil and/or Palm oil, Glycerin, Palm kernel oil, Cocoa powder , Dried egg white, Skim milk powder, Whole milk powder, Corn starch, Natural flavour, Whey powder, Lecithin (soy and/or sunflower), Turmeric, Spirulina concentrate, Salt, Baking powder, Xanthan gum, Beet root powder, Red radish, Annatto, Carnauba wax, Rice protein, Amylase. Contains: Wheat, Egg, Milk, Soy.","Egg, Soy, Milk, Gluten",1 cake pop (36 g),36,150,5,2.5,23,1,17,2,5,80,100
4300,Double Chocolate Fudge Brownie Cake,"This moist and fudgy brownie cake melts in your mouth, while the dark chocolate fondant adds a luxurious touch. Adorned with tantalizing brownie cubes and a flawless dark chocolate mirror glaze, this cake is as stunning as it is delicious.",Desserts,Bars & Squares,N,N,N,N,560 g,560,14.99,Y,"Brownie mix (sugar, enriched wheat flour, cocoa powder, canola oil, corn syrup solids, soy flour, salt, enzymes, vanillin, xanthan gum), Water, Liquid whole egg, Sugars (sugar, icing sugar), Canola oil, Cream (cream, milk, dextrose, microcrystalline cellulose, locust bean gum, cellulose gum, carrageenan, polysorbate 80), Chocolate coating (sugar, soybean oil, cocoa powder processed with alkali, whole milk powder, modified palm oil, soy lecithin, flavour, natural vanilla extract), Chocolate (chocolate liquor, sugar, cocoa butter, soy lecithin, natural vanilla extract), Cocoa, Soybean oil, and canola oil and palm oil and modified palm oil margarine, Butter, Semi-sweet chocolate (sugar, unsweetened chocolate, cocoa butter, soy lecithin, natural vanilla extract). Contains: Wheat, Soy, Milk, Egg. May contain: Sulphites, Tree nuts.","Egg, Soy, Treenuts, Milk, Gluten, Sulfites",Per 1/7 cake (80 g),80,330,15,4,44,2,30,4,40,290,300
4118,Dry Cured Sausage - Beer,Dry cured sausage with a hint of beer and seasoned with bold spices.,Pantry essentials,Dried Meat,N,N,N,N,175 g,175,9.99,Y,"Pork, Buckwheat-Millet Beer, Sea Salt, Sugar, Skim Milk Powder, Spices, Salt, Sodium Erythorbate, Garlic Powder, Starter Culture, Sodium Nitrite.",Milk,Per 30 g,,110,9,3,1,0,1,7,30,550,125
4119,Dry Cured Sausage - Chorizo,Dry cured sausage seasoned with bold spices.,Pantry essentials,Dried Meat,N,N,N,N,175 g,175,9.99,Y,"Pork, Red Wine, Sea Salt, Sugar, Spices, Skim Milk Powder, Salt, Garlic Powder, Sodium Erythorbate, Liquid Smoke, Starter Culture, Sodium Nitrite.",Milk,Per 30 g,,110,9,3,1,0,1,7,30,550,125
4117,Dry Cured Sausage - Classic,Dry cured sausage seasoned with bold spices.,Pantry essentials,Dried Meat,N,N,N,N,175 g,175,9.99,Y,"Pork, Sugar, Sea Salt, Skim Milk Powder, Salt, Spices, Sodium Erythorbate, Garlic Powder, Starter Culture, Sodium Nitrite.",Milk,Per 30 g,,110,9,3,1,0,1,7,30,550,125
165,Dry Garlic Pork,"We have perfectly prepped and portioned pork sirloin into delectable bite-sized pieces. Carefully breaded and seasoned with garlic, serve these tender bites as a crowd-pleasing appetizer, or take centre stage as a main dish with your favourite sauce pairing.",Appetizers,Meat & Poultry,N,N,N,N,600 g,600,14.99,Y,"Pork, Breading (enriched wheat flour, corn flour, baking powder, salt, spices, garlic powder), Marinade (water, salt, tomato powder, soy sauce powder [soybeans, wheat, salt], garlic powder, spices, enriched wheat flour), Canola oil. Contains: Wheat, Soy.","Soy, Gluten",approximately 10 pieces (100 g),100,240,10,1.5,22,1,1,16,30,650,300
4730,Euroscrubby Eco Friendly All Purpose Cloth,"The original Euroscrubby is an eco-friendly all-purpose cleaning cloth that is the best scrub cloth for everyday household use. The Euroscrubby makes clean up fast and easy, plus it&rsquo;s safe for almost all surfaces. Features: Non-abrasive, non-scratch cleaning cloth, Use to clean the kitchen: non-stick pots and pans, cooktops, and cookware, Use to clean the bathroom: porcelain sinks, marble and tile, Use to clean the outdoors: garden tools, wood and plastic furniture, boats and pools, Replaces green scour pads, Cleans in the dishwasher or machine wash (separate from delicate fabrics), Multi-Colour and pattern.",Kitchen essentials,Impulse General Merchandise,N,N,N,N,,,2.99,Y,,,,,,,,,,,,,,
372,Extra Large Shrimp Fan,"Limited time only! Tender, plump shrimp ask only to be thawed and served with their zippy cocktail sauce in this deliciously good-looking buffet centrepiece. * Meets M&M Food Market sustainability guidelines.",Appetizers,Shrimp & Seafood,N,N,N,N,567 g,567,24.99,Y,"Cooked Shrimp: Pacific white shrimp, Salt, Sodium triphosphate. Cocktail sauce: Water, Tomato Paste, Sugar, Prepared horseradish (horseradish, salt, vinegar), Salt, Citric acid, Modified tapioca starch, Acetic acid, Xanthan Gum, Carrageenan, Spices, Shallots, Garlic. Contains: Shrimp.",Shellfish,about 5 shrimp (80 g) and 2 tbsp sauce (34 g),80,110,0,0.4,9,0,7,17,125,500,250
4271,Extreme Caramel Cake,"Perfect for sharing or enjoying solo, this tempting treat is decadent to the extreme - Vanilla sponge cake topped with a luxuriously rich vanilla mousseline sauce adorned with cake chunks becomes the ultimate destination for every sweet tooth once we smother the entire thing in luscious milk caramel.",Desserts,Cakes,N,N,N,N,470 g,470,14.99,Y,"Milk caramel (Sugars [glucose, sugar], cream, milk, water, butter, salt, soy lecithin, natural vanilla flavour), Water, Sugar, Cake mix (enriched wheat flour, modified milk ingredients, modified corn and/or tapioca starch, baking powder, salt, sugar, wheat starch, cellulose gum, guar gum, natural flavours), Liquid whole egg, White icing (sugars [sugar, glucose], water, agar), Butter, Canola oil, Custard powder (sugar, modified corn and/or tapioca starch, modified milk ingredients, corn syrup solids, sodium alginate, canola oil, calcium sulfate, flavour, beta carotene), Soybean oil and canola oil and palm oil and modified palm oil margarine, Icing (canola oil, modified palm and palm kernel oils, sugar, water, pea protein, vegetable monoglycerides, salt, flavour, beta-carotene), Natural vanilla extract. Contains: Wheat, Soy, Milk, Egg. May contain: Sulphites, Tree nuts.","Egg, Soy, Treenuts, Milk, Gluten, Sulfites",Per 1/6 of cake (78 g),78,310,18,6,36,0,24,2,45,170,50
155,Fall Off the Bone® Honey Garlic Back Ribs,Fully cooked pork back ribs in our exclusive honey garlic sauce. Slow cooked for a minimum of four hours.,Butcher,Ribs,N,N,N,N,680 g,680,17.99,Y,"Pork back ribs, Sugars (sugar, fructose, corn syrup, honey, blackstrap molasses), Water, Soy sauce (water, wheat, soybeans, salt), Modified corn starch, Garlic (garlic, water), Hydrolyzed soy protein, Garlic powder, Garlic extracts, Caramel, Xanthan gum. Salt. Contains: Wheat, Soy.","Soy, Gluten",1/5 of rack (140 g),140,330,18,7,18,1,14,23,80,220,300
106,Fall Off the Bone® Memphis Style Dry Rub Back Ribs,Fully cooked pork back ribs made with our exclusive Memphis style dry rub. Naturally smoked over maple hardwoord and slow-cooked for a minimum of four hours.,Butcher,Ribs,N,N,N,N,510 g,510,17.99,Y,"Pork back ribs, Spices, Garlic powder, Onion powder, Sugars (brown sugar), Salt, Dehydrated cilantro, Canola oil and/or Sunflower oil, (anti-dusting agent), Silicon Dioxide (anti-caking agent), Smoke. Contains: Mustard.",Mustard,1/4 of rack (140 g),140,330,24,9,1,0,0,28,115,125,400
153,Fall Off the Bone® Barbecue Back Ribs,"Smoked over maple hardwood and smothered in our exclusive BBQ sauce for a mouth-watering smokehouse taste and texture, this stunning full-rack serving of pork back ribs received the 5-star treatment with a minimum of four hours of slow cooking.",Butcher,Ribs,N,N,N,N,680 g,680,17.99,Y,"Pork back ribs, Sugars (sugar, brown sugar, corn syrup, blackstrap molasses), Tomato paste, Water, Vinegar, Cayenne pepper sauce (cayenne red peppers, vinegar, water, salt, garlic powder), Natural flavour, Spices and seasoning, Salt, Modified corn starch, Caramel, Sodium benzoate, Onion powder, Garlic powder, Smoke. Contains: Mustard.",Mustard,1/5 of rack (140 g),140,270,15,6,11,0,10,22,85,300,175
170,Fall Off the Bone® Tangy Barbecue Back Ribs,"Experience the tender texture and smokehouse flavour of our Fall-Off-The-Bone® pork back ribs with our tangy BBQ twist – Smoked over maple hardwood and slow-cooked for a minimum of four hours, this full-rack serving comes with a kick thanks to our signature Southwest-style barbecue sauce!",Butcher,Ribs,N,N,N,N,680 g,680,17.99,Y,"Pork back ribs, Water, Sugar, White vinegar, Tomato paste, Salt, Spices and seasoning, Modified corn starch, Canola oil, Natural flavour, Hydrolyzed soy protein, Dehydrated onion and garlic, Xanthan gum, Sunflower oil, Smoke.",Soy,1/5 of rack (140 g),140,280,16,6,14,1,14,20,75,740,400
4952,Farberware Restaurant Style Steak Knife,Restaurant style steak knife that features a serrated stainless steel blade with a double riveted handle. Hand wash only.,Kitchen essentials,Kitchen Tools and Gadgets,N,N,N,N,,,2.99,Y,,,,,,,,,,,,,,
436,Fettuccine Alfredo,"Fettuccine noodles made in-house are cooked al dente, then tossed in a rich, creamy sauce prepared with real parmesan cheese, garlic and crushed black pepper. Serve as a side dish or add protein and veggies for a family dinner.",Prepared meals,Pasta Dishes,N,N,N,N,2 lb / 907 g,907,14.99,Y,"Water, Cooked pasta (water, durum wheat semolina), Cream (cream, skim milk), Parmesan cheese (milk, bacterial culture, salt, lipase, calcium chloride, microbial enzyme), Skim milk powder, Butter, Onions, Enriched wheat flour, Modified corn starch, Chicken stock (chicken stock, flavour), Salt, Concentrated lemon juice, Garlic in oil (garlic, canola oil, water, citric acid), Spices. Contains: Milk, Wheat.","Milk, Gluten",1/3 tray (300 g),300,450,23,15,44,2,5,17,60,880,250
583,Fettuccine Alfredo,"Fettuccine noodles made in-house are cooked al dente, then tossed in a rich, creamy sauce prepared with real parmesan cheese, garlic and crushed black pepper. Make it your own by topping with protein and veggies of your choice.",Single serve,Classic Entrées,Y,N,N,N,300 g,300,4.99,Y,"Cooked pasta (water, durum wheat semolina), Water, Cream (cream, skim milk), Parmesan cheese (milk, bacterial culture, salt, lipase, calcium chloride, microbial enzyme), Skim milk powder, Butter, Onions, Enriched wheat flour, Modified corn starch, Chicken stock (chicken stock, natural flavour), Salt, Concentrated lemon juice, Garlic in oil (garlic, canola oil, water, citric acid), Spices. Contains: Milk, Wheat.","Milk, Gluten",1 tray (300 g),300,450,23,15,44,2,5,17,65,880,250
118,Frankfurters,"Cooked to pork-fection, these bun length frankfurters are made of juicy pork and boast unparalleled tenderness. Enhance their smoky flavour by adding your favourite condiments and serving them with crispy fries.",Butcher,Sausages,N,N,N,N,1 kg,1000,19.99,Y,"Pork, Water, Modified corn starch, Salt, Potassium lactate, Sodium erythorbate, Sodium diacetate, Sodium nitrite, Spice extracts, Garlic powder, Smoke.","Milk, Gluten",1 wiener (56 g),56,150,12,4.5,4,0,1,7,35,520,
432,French Onion Soup,"There is nothing quite like the decadent cheese-covered delight that is French Onion Soup. Cuddle up with a bowl of beef broth and onions, generously covered with Swiss cheese and croutons.",Single serve,Soups,Y,N,N,N,285 g,285,6.99,Y,"Beef soup broth (water, hydrolyzed corn, wheat and soy proteins, salt, yeast extract, glucose solids, roasted malt barley, roasted beef including beef juices, sugar, onion powder, disodium inosinate, disodium guanylate, natural flavour, carrot powder, spices potato flour, caramel, sunflower oil, corn oil), Onions, Swiss cheese (milk, partly skimmed milk, salt, bacterial culture, microbial enzyme, calcium chloride), Croutons (enriched wheat flour, sugar, modified sunflower oil, salt, yeast, ascorbic acid), Enriched wheat flour, Cellulose gum, Garlic, Salt, Sugar, Spices. Contains: Wheat, Soy, barley, Milk. May Contain: Sesame.","Sesame seeds, Soy, Milk, Gluten",1 soup (285 g),285,180,8,5,16,3,5,10,25,910,250
539,Fried Battered Mushrooms,White button mushrooms coated in a crispy batter with just a bit of garlic will win over even the toughest critic.,Appetizers,Cheese & Vegetable,N,N,N,N,300 g,300,14.99,Y,"Mushrooms, Toasted wheat crumbs, Water, Canola oil and/or Modified canola oil, Enriched wheat flour, Modified corn starch, Wheat starch, Modified palm oil, Baking powder, Salt, Sugars (sugar, dextrose), Soy protein, Garlic powder, Sodium caseinate, Modified cellulose, Spice extracts, Annatto extract. Contains: Wheat, Soy, Milk. May contain: Mustard.","Soy, Milk, Gluten, Mustard",about 5 pieces (83 g),83,160,8,1,20,2,3,3,0,270,175
529,Fried Battered Pickles,We’ve taken dill pickles to the next level by dipping them in our secret crunchy coating then lightly frying them. Serve these to your guests at your next party or treat your kids to an after-school snack.,Appetizers,Cheese & Vegetable,N,N,N,N,390 g,390,11.99,Y,"Dill pickles (cucumbers, water, vinegar, salt, calcium chloride, sodium benzoate, spices, garlic powder, mustard seeds, turmeric, polysorbate 80), Water, Toasted wheat crumbs, Enriched wheat flour, Canola oil and/or Modified canola oil, Modified corn starch, Baking powder, Wheat starch, Modified palm oil, Salt, Sugars (sugar, dextrose), Soy protein isolate, Sodium caseinate, Modified cellulose, Spice extracts, Annatto extract. Contains: Mustard, Wheat, Soy, Milk.","Soy, Milk, Gluten, Mustard",about 4 pickles (88 g),88,170,10,1,19,1,3,2,0,710,75
4259,Chicken Nuggets,"Make mealtime a breeze with our fully cooked chicken cutlettes. Made with chicken breast meat, these tender portions are a hit with dinner guests of all ages. Pair them with our dipping sauces for mix and match flavour fun!",Butcher,Breaded Chicken,N,N,N,N,907 g,907,19.99,Y,"Chicken (chicken, water, soy protein, salt, sugars [dextrose], onion powder, spice extracts), Coating (toasted wheat crumbs with spices and spice extracts, water, corn flour, enriched wheat flour, corn starch, sugar, baking powder, salt, spices), Soybean oil.Contains: Soy, Wheat.","Soy, Gluten",2 nuggets (50 g),50,110,5,1,9,1,0,6,15,220,75
40,Fully Cooked Tasty BurgersTM†,"Skip the drive-thru! Microwave in less than 5 minutes for a hot, juicy burger you can top anyway you like. 16 pack.<br><br>This product is temporarily available under two product numbers. If there is no stock available at the store you have selected, see <a href=""/en/products/tasty-burger-halal"">Tasty Burgers</a>.",Butcher,Burgers,N,N,N,N,1.28 kg,1280,32.99,Y,"Beef, Toasted wheat crumbs, Water, Salt, Yeast extract, Sugar, Onion powder, Spice extracts, Garlic powder. Contains: Wheat.",Gluten,1 burger (80 g),80,230,17,7,6,0,1,12,50,460,175
4371,Fully Cooked Tasty Burgers TM (Bulk),"Savour the authentic BBQ flavour of these tender beef patties. Fully cooked and easily prepared from frozen in minutes, these burgers are conveniently packaged so that you can make as many or as few as you like at a time with minimal clean-up required.",Butcher,Burgers,N,N,N,N,4 kg,4000,89.99,Y,"Beef, Water, Toasted wheat crumbs, Pea fibre, Sea salt, Yeast extract, Salt, Sugar, Onion powder, Spice extracts, Garlic powder. Contains: Wheat.",Gluten,1 burger (80 g),80,240,19,9,6,1,0,12,40,310,300
4080,Garlic Aioli Spread,A savoury spread blended with garlic and extra virgin olive oil. Great for dipping or spreading.,Pantry essentials,Condiments,N,Y,N,N,300 mL,,6.99,Y,"Canola Oil, Extra Virgin Olive Oil, Water, Frozen Egg Yolk, Garlic Purée (Garlic, Water), Dijon Mustard (Water, Mustard Seeds, Vinegar, Salt, Spices), Vinegar, Salt, Concentrated Lemon Juice, Garlic Extracts (Soy), Potassium Sorbate, Spices, Xanthan Gum, Calcium Disodium EDTA.","Egg, Soy, Mustard",Per 2 tbsp (30 mL),,190,21,2,0,0,0,0,15,160,10
500,Garlic Bread,"Let this undeniable classic lure your loved ones to the table with the irresistible aroma of baked bread and garlic. Slathered with a savory garlic spread and sliced lengthwise, our French style baguette is easy to prepare, beautiful to serve, and absolutely mouth-watering to devour. Try it as a side, an appetizer, or even as a way to take a sandwich to the next level!",Bakery,Bread,N,Y,N,N,330 g,330,2.99,Y,"Enriched wheat flour, Water, Canola oil, modified palm oil and modified palm kernel oil margarine, Canola oil, Rye flour, Salt, Yeast, Dehydrated garlic, Wheat gluten, Calcium propionate, Malted barley flour, Potato starch, Ascorbic acid, Lactic acid, Sugars (barley malt syrup). Contains: Wheat, Soy, Barley, Rye.May contain: Milk, Egg, Oats.","Egg, Soy, Milk, Gluten",about 1/4 of loaf (75 g),75,250,10,1.5,34,2,1,6,0,330,100
4249,Garlic Bread with Cheese,"Begging to be baked, this cheesy twist on our classic French style baguette garlic bread features a savory minced garlic spread, topped with a blend of cheddar and part skim mozzarella cheeses. Pair this scrumptious serving with your favorite pasta entrée or enjoy it à la carte for an indulgent snack.",Bakery,Bread,N,Y,N,N,400 g,400,5.99,Y,"Enriched wheat flour, Water, Shredded medium cheddar and part skim mozzarella cheese blend (milk, salt, calcium chloride, bacterial culture, microbial enzymes, annatto, cellulose, natamycin), Canola oil, modified palm oil and modified palm kernel oil margarine, Canola oil, Rye flour, Salt, Yeast, Dehydrated garlic, Wheat gluten, Calcium propionate, Malted barley flour, Potato starch, Ascorbic acid, Lactic acid, Sugars (barley malt syrup). Contains: Wheat, Milk, Soy, Barley, Rye. May contain: Egg, Oats.","Egg, Soy, Milk, Gluten, Sulfites",Per 1/5 loaf (75 g),75,240,12,3,25,1,1,7,10,380,50
5030,Garlic Parmesan Chicken Wings,"Crispy, golden and packed with bold garlic parmesan flavour, these wings are a wing-joint staple for a reason. Toss them in velvety garlic parmesan sauce, drizzle for extra indulgence, or dip as you go! Bake or air fry for that crave-worthy crisp.",,Wings & Chunks,N,N,N,N,680 g,680,12.99,Y,"Chicken Wings: Chicken wings (drumettes and winglets), Water, Enriched [PR1.1]wheat flour, Vegetable oil, Grated parmesan cheese (pasteurized milk, salt, lipase, microbial enzymes, bacterial culture, cellulose powder), Garlic powder, Sugars (corn maltodextrin, tapioca dextrin, dextrose, sugar), Salt, Modified corn starch, Onion powder, Granulated garlic, Natural flavour, Sodium triphosphate, Whey powder, Yeast extract, Buttermilk powder, Corn starch, Spice extracts. Garlic parmesan sauce: Water, Vegetable oil, Vinegar, Frozen yolk, Sugars (sugar, maltodextrin), Modified corn starch, Lemon juice, Salt, Rochester sauce (vinegar, glucose syrup, water, salt, garlic powder, spices, celery seeds, tamarind, natural flavour), Parmesan cheese (pasteurized milk, salt, lipase, microbial enzymes, bacterial culture, cellulose powder), Dried garlic, Mustard seeds, Mustard bran, White wine, Salted anchovies, Spices, Herbs, Natural flavour, Tamarind gum, Xanthan gum, Citric acid, Lactic acid, Tartaric acid. Contains: Milk, Wheat, Egg, Mustard, Anchovies.","Fish, Egg, Milk, Gluten, Mustard",,,220,12,3,11,1,2,16,80,380,225
4523,General Tao Chicken,"Switch up your weeknight menu with something that’s equal parts delicious and easy to prep. With a tasty array of classic stir fry veggies and long grain rice, this microwave-ready meal features breaded chicken in a perfectly balanced mild and sweet General Tao sauce.",Single serve,Premium Entrées,Y,N,N,N,400 g,400,9.99,Y,"Rice and Vegetable Blend (Water, Rice, Edamame, Carrots, Canola Oil, Onion Powder, Dehydrated Garlic, Spices), Sauce (Sugars [Concentrated Pineapple Juice, Maltodextrin], Water, Modified Corn Starch, Soy Sauce [Water, Soybeans, Wheat, Salt], Rice Vinegar, Spices and Spice Extracts, Dehydrated Garlic, Salt, Hydrolyzed Soy Protein, Sesame Oil, Dehydrated Onions, Caramel), Cooked Seasoned Chicken (Chicken Breast, Water, Wheat Flour, Toasted Wheat Crumbs, Canola Oil And/ or Soybean Oil, Salt, Potato Starch, Sugar, Soy Protein, Corn Starch, Corn Flour, Dehydrated Onions, Yeast Extract, Wheat Gluten, Dehydrated Garlic, Spices, Flavours, Caramel, Spice Extracts, Soy Sauce [Soybeans, Wheat, Salt], Guar Gum), Red Bell Peppers, Snow Peas, Sesame Seeds. Contains: Soy, Wheat, Sesame.","Sesame seeds, Soy, Gluten",1 tray (400 g),400,580,11,1.5,101,4,30,19,30,700,450
4069,Sweet Potato Mash,"The naturally sweet, nutty taste of sweet potatoes is front and centre in this creamy mash. Prepared with care from eight simple, homestyle ingredients, it’s a side you can serve with pride at any special meal. *Trademark of Celiac Canada. Used under license.",Sides,Potatoes,N,Y,N,Y,500 g,500,12.99,Y,"Sweet potatoes, Cream (skim milk, cream), Sugars (brown sugar, maple syrup), Butter, Sea salt (sea salt, silicon dioxide), Spices. Contains: Milk.",Milk,about 1/4 of tray (140 g),140,100,3,2.5,15,3,10,2,10,280,400
5075,Ginger Chicken Ramen,"A convenient and comforting meal, made with seasoned ground chicken, vibrant edamame and tender ramen noodles, all brought together in a soy sauce flavoured broth. Made with quality ingredients to deliver a bold and balanced flavour with a hint of ginger in every bite.",Single serve,Classic Entrées,Y,N,N,N,417 g,417,9.99,Y,"Shoyu chicken broth (water, soy sauce, chicken stock concentrate, mirin, cabbage powder, kombu extract powder, shiitake mushrooms, kombu, brown sugar, mirepoix powder, ginger powder, salt), Ramen noodles (enriched wheat flour, water, salt, potassium carbonate, sodium carbonate), Edamame, Carrots, Ginger-soy ground chicken (ground chicken, ginger, brown sugar, garlic, sake, mirin, roasted soy sauce powder, soybean oil,sesame seeds, salt, maltodextrin, soy sauce, yeast extract), Garlic-and-shallot oil (soybean oil, garlic, shallots). Contain: Soy, Wheat, Sesame seeds. May contain: Egg, Milk, Mustard, Sulphites.","Sesame seeds, Egg, Soy, Milk, Gluten, Sulfites, Mustard",1 pouch (417 g),417,360,10,1.5,48,4,5,19,5,1550,950
5004,Gingered Beef,"Fully cooked, seasoned and breaded beef strips with our exclusive sweet and spicy garlic-ginger soy sauce.",Butcher,Beef Dishes,N,N,N,N,850 g,850,19.99,Y,"Seasoned beef strips: Beef, Marinade (water, salt, garlic powder, soy sauce powder [soybeans, wheat, salt], sugar, enriched wheat flour, spices, onion powder). Breading: Enriched wheat flour, Corn flour, Canola oil. Sauce: Water, Sugar, Vinegar, Soy sauce (water, soybeans, salt, sugar, wheat flour, potassium sorbate), Tomato paste, Canola oil, Chili sauce (tomato paste, water, sugar, vinegar, salt, dehydrated onions, tomato seeds, mustard seeds, spices, garlic powder), Modified corn starch, Teriyaki sauce base (sugar, modified corn starch, dehydrated garlic and onions, spices), Spices, Dehydrated vegetables (ginger, garlic, red bell peppers), Xanthan gum, Crushed chili peppers, Salt, Garlic oil. Contains: Soy, Wheat, Mustard.","Soy, Gluten, Mustard",1/6 package (142 g),142,340,9,1,50,2,23,15,20,530,300
4200,Gluten-Free Gourmet Buns,"Thanks to our Gluten-Free and Vegan gourmet buns, you can be sure to have options for everyone the next time you BBQ. Pair with our selection of gluten-free burgers to grill delicious gluten-free feasts all summer long! *Trademark of Celiac Canada. Used under license.",Bakery,Bread,N,N,N,Y,320 g,320,11.99,Y,"Water, Gluten-free flour blend (modified tapioca starch, potato starch, brown rice flour), Sugars (dextrose, cane sugar), High oleic sunflower oil, Psyllium husk, Yeast, Pea hull fibre, Vinegar, Modified cellulose, Salt, Rice bran, Whole millet, Whole chia seeds, Cellulose gum, Cultured cane sugar.",,1 bun (80 g),80,220,5,0.5,43,8,4,1,0,280,100
5045,Gluten-Free Margherita Pizza,"Crafted with a hand stretched and stone baked Neapolitan style crust, this pizza features mozzarella cheese, rich tomato sauce, diced tomatoes and a pesto drizzle. Gluten-free, with classic crowd-pleasing flavour – light, crisp and irresistibly delicious. *<sup>TM</sup>Trademark of the Celiac Canada. Used under license.",Prepared meals,Pizza,N,N,N,Y,330 g,330,12.99,Y,"Crust: Gluten-free flour mix (corn starch, rice flour, potato starch, sugars [dextrose, fructose], inulin [chicory], psyllium fiber, modified cellulose), Water, Extra virgin olive oil, Sugars (brown cane sugar), Sea salt, Yeast. Toppings: Mozzarella cheese (pasteurized milk, bacterial culture, salt, calcium chloride, microbial enzyme), Tomato sauce (tomatoes, vegetable oil, salt, oregano, granulated garlic, black pepper, citric acid), Diced tomatoes, Pesto (extra virgin olive oil, basil, parmesan cheese, romano cheese, garlic, Sugars [brown cane sugar]). Contains: Milk.",Milk,1/2 pizza (165 g),165,360,12,5,54,3,0,10,20,590,225
4343,Gourmet Chicken Burgers,Our signature recipe of chicken blended with mozzarella cheese and roasted red bell peppers. *Trademark of Celiac Canada. Used under license.,Butcher,Burgers,N,N,N,Y,852 g,852,19.99,Y,"Chicken, Water, Mozzarella cheese, Roasted red bell peppers, Salt, Flavour, Black pepper, Dehydrated garlic, Dehydrated onions. Contains: Milk. May contain: Egg.","Egg, Milk",1 burger (142 g),142,270,18,6,3,2,0,24,100,620,450
4227,Gourmet Double Pepperoni Flatbread,"This scrumptious shareable is a love letter to our fellow pepperoni aficionados who agree that you don’t need to sacrifice quantity for quality. With a stone-baked crust, molten mozzarella and a decadently generous topping of sliced and diced pepperoni, this flatbread is here to take your taste buds to new heights.",Prepared meals,Pizza,N,N,N,N,480 g,480,12.99,Y,"Crust (enriched wheat flour, water, extra virgin olive oil, yeast, sugar, salt, L-cysteine), Toppings (mozzarella cheese [partly skimmed milk, salt, bacterial culture, calcium chloride, microbial enzyme], pepperoni [pork, salt, pork stock, dextrose, spice extracts, lactic acid starter culture, sodium erythorbate, natural smoke flavour, dehydrated garlic, sodium nitrite, citric acid, smoke]), Sauce (water, tomatoes, extra virgin olive oil, sugar, salt, vinegar, garlic powder, onion powder, spices). Contains: Wheat, Milk.","Milk, Gluten",1/3 of flatbread (160 g),160,400,15,6,45,3,4,20,35,790,250
4060,Gourmet Floret Medley,"Frozen at peak freshness, our tender-crisp cauliflower and romanesco broccoli are lightly seasoned with a bit of extra-virgin olive oil, garlic and sea salt.",Vegetables,Seasoned Vegetables,N,Y,Y,N,300 g,300,4.99,Y,"White And Green Cauliflower, Broccoli, Romanesco Broccoli, Water, Extra Virgin Olive Oil, Garlic, Sea Salt, Rice Starch, Potato Flakes, Corn Flour, Parsley, Sunflower Oil. May Contain: Wheat, Barley, Oats, Spelt.",Gluten,Per 2/3 cup (100g),100,70,5,1,5,2,1,2,0,190,150
5051,Gourmet Buns,"Fully baked, soft, artisanal buns. Perfect for burgers and sandwiches.",Bakery,Bread,N,N,N,N,624 g,624,6.99,Y,"Enriched wheat flour, Water, Liquid whole egg, Sugars (sugar, dextrose, corn syrup, maltodextrin), Vegetable oil, Wheat sourdough (water, fermented wheat flour), Yeast, Cultured wheat flour, Salt, Malted barley extract, Ascorbic acid, Amylase, Lipase, Xylanase, Sunflower oil, Protease, Vinegar, Pea protein, Corn starch. Contains: Wheat, Egg, Barley. May contain: Milk, Sesame.","Sesame seeds, Egg, Milk, Gluten",1 bun (78 g),78,230,3,0.4,42,2,6,8,15,310,100
4070,Gourmet Meatballs in Tomato Sauce,"These jumbo meatballs are a savoury blend of hand-rolled ground beef and chicken, ricotta cheese and spices. Baked up in our signature homestyle tomato sauce, they’re the ticket to a tasty dinner without all the prep work.",Prepared meals,Meat Loaf & Meatballs,N,N,N,N,907 g,907,14.99,Y,"Tomatoes (Tomatoes, Tomato Juice, Calcium Chloride, Citric Acid), Chicken, Beef, Water, Parmesan Cheese (Milk), Toasted Wheat Crumbs, Ricotta Cheese (Milk), Liquid Whole Egg, Tomato Paste, Onions, Cornmeal, Celery, Canola Oil, Carrots, Salt, Modified Corn Starch, Sugar, Herbs And Spices, Parsley, Extra Virgin Olive Oil, Garlic, Garlic Powder, Dehydrated Onion Flakes, Baking Soda, Yeast Extract.","Egg, Milk, Gluten",Per 1/6 of tray (151 g),151,200,9,3.5,13,2,3,16,60,600,125
4226,Gourmet Mushroom and Black Truffle Oil Flatbread,"Limited time only! Stone-baked for authentic flavour and texture, this delectable flatbread is perfect as an entrée or appetizer. With a hint of black truffle oil, a trio of cheeses and a delicious curation of gourmet mushroom varieties, you can experience fine-dining at home.",Prepared meals,Pizza,N,N,N,N,460 g,460,12.99,Y,"Crust (Enriched Wheat Flour, Water, Extra Virgin Olive Oil, Yeast, Sugar, Salt, L-Cysteine), Toppings (Mozzarella Cheese [Partly Skimmed Milk, Salt, Bacterial Culture, Calcium Chloride, Microbial Enzyme], White Mushrooms, Fontina Cheese [Milk, Calcium Chloride, Bacterial Culture, Microbial Enzyme, Lipase], Cremini Mushrooms, Portobello Mushrooms, Parmesan Cheese [Milk, Bacterial Culture, Salt, Lipase, Calcium Chloride, Microbial Enzyme, Cellulose], Green Onions), Sauce (Mascarpone Cheese [Cream, Milk, Skim Milk Powder, Locust Bean Gum, Citric Acid, Carrageenan], Cream [Milk, Cream, Carrageenan, Disodium Phosphate, Mono- and Diglycerides, Sodium Citrate], Onions, Black Truffle Oil [Extra Virgin Olive Oil, Dried Summer Truffle, Flavour], Canola Oil, Black Pepper, Garlic Powder, Xanthan Gum). Contains: Wheat, Milk.","Milk, Gluten",Per ½ of flatbread (230 g),230,580,22,12,70,4,5,25,55,600,225
4793,Gourmet Pan Scraper,"Safe for non-stick surfaces. Perfect for plates, pots or pans. Dishwasher safe.",Kitchen essentials,Impulse General Merchandise,N,N,N,N,,,2.99,Y,,,,,,,,,,,,,,
4613,Gourmet Sausage Buns,"Fully baked, soft and pre-sliced sausage buns.",Bakery,Bread,N,N,N,N,480 g,480,6.99,Y,"Enriched wheat flour, Water, Liquid whole egg, Sugars (sugar, dextrose, corn syrup, maltodextrin), Canola oil and/or soybean oil, Wheat sourdough (water, fermented wheat flour), Yeast, Cultured wheat flour, Salt, Malted barley extract, Enzymes, Ascorbic acid, Sunflower oil, Vinegar, Pea protien, Corn starch, Xanthan gum. Contains: Wheat, Egg, Barley. May contain: Milk, Sesame.","Sesame seeds, Egg, Milk, Gluten",Per 1 bun (80 g),80,210,3,0.5,38,1,6,7,30,350,75
4288,Gourmet Stuffed Potatoes,"Baked Russet Burbank potato halves stuffed with our exclusive blend of potato, sour cream, cheddar cheese and bacon. *® Registered trademark of the Canadian Celiac Association. Used under license.",Sides,Potatoes,N,N,N,Y,560 g,560,12.99,Y,"Potatoes, Sour cream (cream, bacterial culture), Cheddar cheese (milk, bacterial culture, microbial enzymes, annatto), Soybean oil margarine, Water, Bacon, Butter, Salt, Xanthan gum, Dehydrated onions, Dehydrated chives, Spices. Contains: Milk.",Milk,1 piece (142 g),142,190,9,3.5,22,3,0,6,15,380,650
5054,Gourmet Stuffed Potatoes,"Discover the decadence of potatoes in their most delicious form – We combine the scooped-out centre of baked Russet potatoes with a perfectly balanced blend of sour cream, cheddar cheese, crispy bacon and seasonings that enhance the creamy texture and rich flavour of this irresistible gluten-free side. Individually wrapped for added convenience. *Trademark of Celiac Canada. Used under license.",Sides,Potatoes,N,N,N,Y,568 g,568,12.99,Y,"Potatoes, Sour cream (cream, milk, modified milk Ingredients, modified corn starch, guar gum, carrageenan, carob bean gum, sodium citrate, sodium phosphate, bacterial culture), Cheddar cheese (pasteurized milk, bacterial culture, salt, microbial enzyme, annatto), Cooked bacon (bacon, water, salt, sodium phosphate, honey, sodium erythorbate, natural flavour, sodium nitrite, natural smoke flavour), Butter, Salt, Onion powder, Xanthan gum, Chives, Spices. Contains: Milk.",Milk,1 piece (142 g),142,130,3,2,22,2,0,3,10,390,350
702,Grilled Mini Potatoes,"Imported from Italy, these pint-sized potatoes are big on grilled flavour, fully prepared and make a sensational side dish.",Sides,Potatoes,N,Y,N,N,500 g,500,8.99,Y,"Potatoes, Salt. May Contain: Milk, Egg, Wheat, Soy.","Egg, Soy, Milk, Gluten",about 7 potatoes (110 g),110,100,0,0,21,3,0,3,0,100,
4077,Haddock Tenders,"Sustainably sourced Atlantic Haddock tenders are hand-cut and coated in a light tempura-style gluten-free batter, elevated by the tangy citrus flavour of our lemon aioli, which is gluten free too! *Trademark of Celiac Canada. Used under license. * Meets M&M Food Market sustainability guidelines.",Seafood,Breaded & Battered Fish,N,N,N,Y,454 g,454,17.99,Y,"Haddock Tenders: Haddock, Water, Rice Flour, Yellow Corn Flour, Modified Corn Starch, Canola Oil, Corn Starch, Salt, Sugars (Sugar, Dextrose), Baking Powder, Garlic Powder, Toasted Onion Powder, Granulated Roasted Garlic, Rice Starch, Onion Powder, Guar Gum, Flavour, Yeast, Annatto Extract, Spice Extracts. Lemon Aioli: Water, Soybean Oil, Sugars (Sugar, Glucose), Modified Corn Starch, Modified Milk Ingredients, Vinegar, Concentrated Lemon Juice, Salt, Garlic, Canola Oil, Garlic Powder, Onion Powder, Herbs, Flavours, Polysorbate 60, Soy Lecithin, Xanthan And Guar Gums, Sodium Alginate, Citric Acid, Calcium Disodium EDTA.","Fish, Soy, Milk",,,200,7,0.5,20,1,1,14,40,370,
340,Herb and Garlic Shrimp Skewers,"We hand-thread the highest quality, sustainably sourced Pacific white shrimp on genuine hardwood skewers after dipping them in a garlic and herb glaze for an indulgent burst of flavour in every bite. * Meets M&M Food Market sustainability guidelines.",Seafood,Shellfish,N,N,N,N,365 g,365,19.99,Y,"Pacific white shrimp (shrimp, potassium phosphate, sodium phosphate, salt), Glaze (water, sugars [maltodextrin, sugar], garlic powder, onion powder, modified tapioca starch, yeast extract, salt, herbs, spice extracts, flavour, citric acid). Contains: Shrimp. May contain: Sulphites.",Shellfish,1 skewer (91 g),91,60,0,0,1,0,1,14,115,300,100
4337,Herb & Garlic Chicken Breasts,These tender solid cut chicken breasts are fully prepared in a herb and garlic marinade and ready to cook from frozen. They're the perfect dish to help you meal prep like a pro without all the time and mess.,Butcher,Seasoned & Marinated Chicken,N,N,N,N,907 g,907,29.99,Y,"Chicken Breasts, Water, Salt, Sodium Phosphate, Flavour (Modified Corn Starch), Dehydrated Garlic, Sugars (Sugar, Corn Syrup Solids, Maltodextrin, Dextrose), Malic Acid, Onion Powder, Yeast Extract, Lemon Juice Solids, Citric Acid, Spices, Flavour, Caramel.",,1 breast (140 g),140,130,2,0.5,1,1,0,26,85,420,400
5133,Homestyle Apple Crumble Pie,"Indulge in the homemade flavour of a baked-from-scratch pie without lifting a finger. Our divine apple filling, with a hint of cinnamon is nestled in flaky pastry and perfectly finished with a topping of golden sugar and thick granola oats. Serve with vanilla ice cream for a truly divine bite.",Desserts,Pies & Pastries,N,N,N,N,1000 g,1000,14.99,Y,"Apples, Sugars (brown sugar, sugar, glucose-fructose, dextrose), Enriched wheat flour, Palm oil shortening, Oats, Water, Butter, Modified corn starch and/or Modified tapioca starch, Eggs, Salt, Cinnamon, Concentrated lemon juice, Calcium citrate, Yeast, White vinegar, Guar gum, Xanthan gum, Sodium propionate, Potassium sorbate, Amylase, Pentosanase, Protease. Contains: Wheat, Oats, Milk, Egg. May Contain: Tree nuts, Soy.","Egg, Soy, Treenuts, Milk, Gluten",1/9 pie (111 g),111,300,11,5,47,2,26,4,5,160,125
4349,Homestyle Key Lime Pies,"A heavenly filling made from the juice of key limes sits atop a graham crumb crust. Both convenient and delicious, you can serve this bright summer favourite all year long!",Desserts,Pies & Pastries,N,Y,N,N,264 g,264,5.99,Y,"Sugars (sweetened condensed milk, sugar), Water, Graham crumbs (enriched wheat flour, graham flour, sugar, palm oil, glucose-fructose, blackstrap molasses, honey, salt, baking soda), Liquid yolk, Butter, Concentrated key lime juice, Lime puree (concentrated lime juice, water, pulp cells, lime oil, ground peel), Flavour, Xanthan gum, Modified tapioca starch and/or Modified corn starch, Salt. Contains: Milk, Wheat, Egg. May contain: Tree nuts, Soy.","Egg, Soy, Treenuts, Milk, Gluten",1 pie (132 g),132,390,14,8,56,1,46,9,140,210,300
4109,Homestyle Mashed Potatoes,"Our exclusive recipe of roasted Russet potatoes, mashed and blended with milk, whipping cream, butter, sea salt and spices. *Trademark of Celiac Canada. Used under license.",Sides,Potatoes,N,Y,N,Y,650 g,650,9.99,Y,"Roasted potatoes, Partly skimmed milk, Water, Whipping cream (cream, skim milk), Butter, Sea salt, Spices. Contains: Milk.",Milk,about 1/5 of tray (140 g),140,120,3,2.5,18,2,1,3,10,240,400
4375,Homestyle Shepherd's Pie,"Our exclusive homestyle recipe made with hearty ground beef, corn, onions and spices in a rich beef gravy, topped with smooth and buttery mashed potatoes.",Single serve,Classic Entrées,Y,N,N,N,300 g,300,4.99,Y,"Meat base (beef, water, corn, onions, potato flakes, beef flavour [roasted beef including beef juices, salt, flavour, potato flour, caramel, corn oil, paprika], sugars [dextrose], worcestershire sauce powder [maltodextrin, worcestershire sauce, silicon dioxide], garlic powder, onion powder, black pepper, caramel), Potato topping (potatoes, water, half & half [cream, milk], butter, sugars [dextrose], salt, onion powder, garlic powder). Contains: Milk.",Milk,1 tray (300 g),300,370,21,11,33,4,8,12,55,680,650
4373,Homestyle Shepherd's Pie,"Our exclusive homestyle recipe made with hearty ground beef, corn, onions and spices in a rich beef gravy, topped with smooth and buttery mashed potatoes.",Prepared meals,Savoury Pies,N,N,N,N,907 g,907,17.99,Y,"Meat base (beef, water, corn, onions, potato flakes, beef flavour [roasted beef including beef juices, salt, flavour, potato flour, caramel, corn oil, paprika], sugars [dextrose], worcestershire sauce powder [maltodextrin, worcestershire sauce, silicon dioxide], garlic powder, onion powder, black pepper, caramel), Potato topping (potatoes, water, half & half [cream, milk], butter, sugars [dextrose], salt, onion powder, garlic powder). Contains: Milk.",Milk,1/3 of tray (300 g),300,370,21,11,33,4,8,12,55,680,650
4374,Homestyle Shepherd's Pie,"Our exclusive homestyle recipe made with hearty ground beef, corn, onions and spices in a rich beef gravy, topped with smooth and buttery mashed potatoes.",Prepared meals,Casseroles,N,N,N,N,1.81 kg,1810,26.99,Y,"Meat base (beef, water, corn, onions, potato flakes, beef flavour [roasted beef including beef juices, salt, flavour, potato flour, caramel, corn oil, paprika], sugars [dextrose], worcestershire sauce powder [maltodextrin, worcestershire sauce, silicon dioxide], garlic powder, onion powder, black pepper, caramel), Potato topping (potatoes, water, half & half [cream, milk], butter, sugars [dextrose], salt, onion powder, garlic powder). Contains: Milk.",Milk,1/6 of tray (300 g),300,370,21,11,33,4,8,12,55,680,650
584,Homestyle Tuna Casserole,"Just like Granny’s, but we did the grunt work. You simply heat, serve and take the credit! Packed with homestyle flaked light tuna, creamy cheddar cheese sauce, vegetables and cavatappi pasta noodles, it has a toasty crumb topping and (of course!) more melty cheddar cheese on top.",Single serve,Classic Entrées,Y,N,N,N,300 g,300,4.99,Y,"Water, Cooked pasta (water, durum wheat semolina), Tuna (tuna, water, vegetable broth [peas, carrots], salt), Cheddar cheese (milk, bacterial culture, salt, calcium chloride, microbial enzymes, annatto), Broccoli, Celery, Cream (cream, skim milk), Canola oil, Toasted wheat crumbs, Modified corn starch, Milk ingredients, Parmesan cheese seasoning (parmesan cheese flavour, salt, yeast extract, parmesan cheese, butter, olive oil, modified milk ingredients, sugar, corn oil, dried onions, dried garlic, natural flavour), Yeast extract, Sugar, Dried onions, Dried garlic, Spices. Contains: Milk, Tuna, Wheat.","Fish, Milk, Gluten",1 tray (300 g),300,480,26,11,36,2,4,26,50,900,200
455,Homestyle Tuna Casserole,"Just like Granny’s, but we did the grunt work. You simply heat, serve and take the credit! Packed with homestyle flaked light tuna, creamy cheddar cheese sauce, vegetables and cavatappi pasta noodles, it has a toasty crumb topping and (of course!) more melty cheddar cheese on top.",Prepared meals,Casseroles,N,N,N,N,2 lb / 907 g,907,14.99,Y,"Water, Cooked pasta (water, durum wheat semolina), Tuna (tuna, water, vegetable broth [peas, carrots], salt), Cheddar cheese (milk, bacterial culture, salt, calcium chloride, microbial enzymes, annatto), Broccoli, Celery, Cream (cream, skim milk), Canola oil, Toasted wheat crumbs, Modified corn starch, Milk ingredients, Parmesan cheese seasoning (parmesan cheese flavour, salt, yeast extract, parmesan cheese, butter, olive oil, modified milk ingredients, sugar, corn oil, dried onions, dried garlic, natural flavour), Yeast extract, Sugar, Dried onions, Dried garlic, Spices. Contains: Milk, Tuna, Wheat.","Fish, Milk, Gluten",1/3 tray (300g),300,480,26,11,36,2,4,26,50,900,200
4394,Honey Barbecue Chicken Wings,"Fully cooked, seasoned chicken wing drumettes and winglets, coated in a honey barbecue style glaze.",Appetizers,Wings & Chunks,N,N,N,N,680 g,680,12.99,Y,"Chicken wings (drumettes and winglets), Water, Sugars (brown sugar, sugar, fancy molasses and/or blackstrap molasses, corn maltodextrin, honey), Modified corn starch, Vegetable oil, Soy protein, Salt, Garlic powder, Tomato powder, Soy sauce powder (wheat, soybeans, salt), Sodium diacetate, Caramel, Sodium phosphate, Worcestershire sauce (vinegar, refiners’ molasses, corn syrup, salt, caramel, garlic powder, sugar, spices, tamarind, flavour), Vinegar, Spices, Onion powder, Carrageenan, Potassium chloride, Xanthan gum, Wheat starch, Malic acid, Lemon juice powder (glucose solids, dehydrated lemon juice, lemon oil), Soy flour, Paprika extract. Contains: Soy, Wheat.","Soy, Gluten",about 4 wings (100 g),100,170,8,2.5,8,1,5,17,80,330,250
4597,Honey Dill Pickle Sauce,"A ""dill-ightfully"" sweet and tart dipping sauce, made with Canadian honey and natural dill pickle flavour.",Pantry essentials,Sauces,N,N,N,N,350 mL,,5.99,Y,"Sugars (sugar, honey), Soybean oil, Water, White vinegar, Dijon mustard (vinegar, water, mustard seeds, salt, white wine, citric acid, tartaric acid, spices), Frozen yolk, Salt, Concentrated lemon juice, Mustard flour, Dehydrated dill weed, Xanthan gum, Potassium sorbate, Sodium benzoate, Spices, Dill pickle flavour, Calcium disodium EDTA. Contains: Egg, Mustard.","Egg, Mustard",Per 2 tbsp (30 mL),,120,8,1,12,0,10,0,10,210,20
831,Honey Garlic BBQ Sauce,Sweet and savoury barbecue sauce made from vine-ripened tomatoes with Canadian honey and garlic.,Pantry essentials,Sauces,N,Y,N,N,425 mL,,6.99,Y,"Sugars (Sugar, Fancy Molasses, Honey, Tamarind), Water, Tomato Paste, White Vinegar, Malt Vinegar, Salt, Modified Corn Starch, Dehydrated Garlic, Seasoning, Spices, Soy Sauce (Water, Soybeans, Wheat, Salt), Xanthan Gum, Dehydrated Onions, Paprika Extract, Turmeric Extract, Flavour. Contains: Barley, Mustard, Soy, Wheat.","Soy, Gluten, Mustard",2 tbsp (30 mL),,70,0,0,17,1,17,0,0,210,75
5038,Honey Garlic Chicken Wings,"Fully cooked, seasoned chicken wing drumettes and winglets, coated in our exclusive honey garlic glaze.",Appetizers,Wings & Chunks,N,N,N,N,680 g,680,12.99,Y,"Chicken wings (drumettes and winglets), Water, Sugars (sugar, glucose, fructose, molasses solids, honey), Salt, Modified corn starch, Vegetable oil, Soy protein, Rice starch, Minced garlic, Sodium phosphate, Flavour, Yeast extract, Carrageenan, Garlic powder, Maltodextrin, Caramel, Xanthan gum, Onion powder, Lactic acid, Citric acid, Potassium sorbate, Sodium benzoate, Spices, Garlic oil (garlic oil, olive oil). Contains: Soy.",Soy,4 wings (100 g),100,190,10,3,6,0,6,18,100,440,175
752,Honey Garlic Dipping Sauce,A classic sweet and savoury blend of Canadian honey and garlic.,Pantry essentials,Sauces,N,Y,N,N,350 mL,,5.99,Y,"Water, Sugars (sugar, honey), Modified corn starch, Soy sauce (water, soybeans, wheat, salt), Dehydrated garlic, Citric acid, Salt, Caramel, Natural flavour. Contains: Soy, Wheat.","Soy, Gluten",2 tbsp (30 mL),,60,0,0,15,0,12,0,0,85,10
750,Honey Mustard Dipping Sauce,Sauce made from mustard and sweet Canadian honey.,Pantry essentials,Sauces,N,Y,N,N,350 mL,,5.99,Y,"Water, Sugars (Sugar, Honey), White Vinegar, Mustard Flour, Modified Corn Starch, Salt, Turmeric Extract, Dehydrated Garlic, Natural Flavour, Spices. Contains: Mustard.",Mustard,2 tbsp (30 mL),,60,0,0,13,1,13,1,0,160,20
4297,Hot Honey Cheese Bites,"Introducing our irresistible Hot Honey Cheese Bites – The ultimate snack for cheese lovers and game day enthusiasts alike. Each cheesy bite has a touch of hot honey and is encased in a crispy pretzel crumb coating that will keep you coming back for more. Pair them with a cold lager, gather your friends, and enjoy a winning combination that will make any occasion memorable.",Appetizers,Cheese & Vegetable,N,N,N,N,280 g,280,12.99,Y,"Cream cheese (milk ingredients, salt, carob bean gum, bacterial culture), Batter (water, toasted wheat crumbs, enriched wheat flour, modified corn starch, wheat starch, modified palm oil, sugars [sugar, dextrose], salt, baking powder, soy protein isolate, modified cellulose, sodium caseinate, xanthan gum, annatto extracts, spice extracts), Pretzel crumbs (pretzels [enriched wheat flour, salt, sugars {glucose syrup, malt syrup}, yeast], rice flour, amaranth and quinoa flour blend, rice starch, sugars [dextrose, sugar], canola oil and/or sunflower oil, sea salt, salt, caramel, paprika extracts, yeast, spice extracts), Pizza mozzarella cheese (modified milk ingredients, salt, bacterial culture, calcium chloride, microbial enzyme), Modified canola oil and/or Canola oil, Honey, Hot sauce (chili peppers, sugar, salt, garlic, acetic acid, potassium sorbate, sulphites, xanthan gum), Whipping cream (cream, milk, carrageenan, mono- and diglycerides, cellulose gum, polysorbate 80), Chili flakes, Sugars (brown sugar), Modified corn starch and/or Modified tapioca starch. Contains: Wheat, Milk, Soy, Barley.","Soy, Milk, Gluten",Per 4 pieces (80 g),80,270,17,7,23,1,7,7,30,420,100
4298,Hot Honey & Chicken Flatbread,"This mouthwatering dish starts with a stone-baked crust, topped with a blend of mozzarella cheese, succulent oven-roasted chicken breast, and vibrant roasted red and yellow bell peppers. With a drizzle of hot honey that will tantalize your taste, it's sure to satisfy any appetite, whether you bake it in the oven or fire up the grill.",Prepared meals,Pizza,N,N,N,N,480 g,480,12.99,Y,"Crust (enriched wheat flour, water, extra virgin olive oil, yeast, sugar, salt, L-cysteine), Toppings (mozzarella cheese [partly skimmed milk, salt, bacterial culture, calcium chloride, microbial enzyme], chicken breast, roasted red and yellow bell peppers), Sauce (hot honey sauce [sugars {sugar, honey}, water, chili peppers, vinegar, modified corn starch, salt, rice vinegar, crushed chilies, dried garlic, dried onion, spices, flavour, xanthan gum, acetic acid, potassium sorbate, sodium benzoate], tomato sauce [water, tomatoes, sugar, salt, vinegar, garlic powder, onion powder, black pepper]). Contains: Wheat, Milk.","Milk, Gluten",1/3 of flatbread (160 g),160,340,6,3,52,3,12,20,20,510,250
4520,Indian Party Pack,"Traditional Indian spices ground in-house give these crispy bites intense flavour. With an assortment of authentic fillings inspired by classic dishes, this party pack makes entertaining easy and fun.",Appetizers,Party Packs,N,N,N,N,740 g,740,17.99,Y,"Chicken Tikka Samosas: Filling: Chicken, Onions, Potatoes, Water, Crushed Tomatoes, Spices, Yogurt (Milk Ingredients, Pectin, Bacterial Culture), Canola Oil, Garlic, Salt, Ginger, Cilantro, Citric Acid, Sugar. Pastry: Water, Wheat Flour, Canola Oil, Salt, Vinegar. Vegetable Pakoras: Potatoes, Onions, Chickpea Flour, Sweet Potatoes, Canola Oil, Spinach, Cilantro, Salt, Spices, Garlic, Baking Powder, Sugar, Citric Acid, Baking Soda. Butter Chicken Naanpanada: Filling: Chicken, Onions, Mozzarella Cheese (Milk), Potatoes, Water, Whipping Cream (Cream, Milk, Carrageenan), Crushed Tomatoes, Canola Oil, Garlic, Ginger, Spices, Salt, Butter (Milk), Yogurt (Milk Ingredients, Pectin, Bacterial Culture), Sugar, Citric Acid. Pastry: Wheat Flour, Water, Yogurt (Milk Ingredients, Pectin, Bacterial Culture), Butter (Milk), Canola Oil, Sugar, Salt. Vegetable Samosas: Filling: Potatoes, Carrots, Peas, Lentils, Onions, Canola Oil, Cilantro, Salt, Spices, Garlic, Citric Acid. Pastry: Water, Wheat Flour, Canola Oil, Salt, Vinegar. Sauce: Water, Tamarind, Sugar, Salt, Spices, Citric Acid, Xanthan Gum.","Milk, Gluten",,,170,8,0.5,16,1,1,9,15,290,
5014,Island Style Chicken Skewers,"Fully cooked, seasoned chicken breast pieces, green bell peppers and pineapple, hand grilled over real charcoal for the perfect char.",Butcher,Seasoned & Marinated Chicken,N,N,N,N,300 g,300,12.99,Y,"Chicken breast, Water, Green bell peppers, Sweetened pineapples (pineapples, water, sugar, citric acid), Sugars (dextrose, sugar, maltodextrin, icing sugar), Tapioca starch, Modified tapioca starch, Rice bran oil, Spices and herbs, Salt, Soy sauce (water, soybeans, wheat, salt), Garlic powder, Sodium triphosphate, Natural flavour, Onion powder, Citric acid, Paprika extract, Malic acid, Spice extracts. Contains: Wheat, Soy.","Soy, Gluten",1 skewer (75 g),75,90,1,0.4,6,1,4,13,40,260,225
4527,Italian Style Sausage and Penne,"Topped with red bell peppers and spicy Italian style sausage for a crave-worthy kick, this quick and delicious single serve entrée of al dente penne pasta in a delightfully zesty tomato sauce is the perfect way to whip up a spectacular last-minute meal. Just heat, serve and enjoy!",Single serve,Premium Entrées,Y,N,N,N,400 g,400,9.99,Y,"Marinara sauce (water, tomatoes [tomatoes, citric acid], tomato paste, canola oil, onions, garlic, carrots, modified corn starch, sugar, red wine vinegar, salt, spices, herbs), Cooked pasta (water, durum wheat semolina, canola oil, xanthan gum), Sausage (pork, modified corn starch, water, salt, spices, sugars [dextrose], pimento paste, sodium nitrite, sodium erythorbate, garlic powder), Red bell peppers, Mozzarella cheese (milk, modified milk ingredients, salt, bacterial culture, calcium chloride, microbial enzyme, cellulose). Contains: Wheat,Milk. May contain: Egg.","Egg, Milk, Gluten",1 tray (400 g),400,560,25,6,62,6,7,22,30,690,650
4586,Italian Margherita Pizzettas,"Italian stone baked pizzas, perfectly hand pinched and generously filled with mozzarella cheese and tomato sauce.",Appetizers,Rolls,N,N,N,N,360 g,360,8.99,Y,"Enriched wheat flour, Water, Mozzarella cheese (milk, salt, microbial enzymes), Tomato puree, Extra virgin olive oil, Salt, Oregano, Yeast. Contains: Wheat, Milk. May contain: Soy.","Soy, Milk, Gluten",Per 1 piece (180 g),180,420,12,7,58,4,9,20,30,950,300
30,Italian Style Beef Meatballs,"Make Nonna proud without lifting a finger when you serve our Italian Style Beef Meatballs. Seasoned with authentic Italian herbs and spices, it’s easy to get a little taste of Rome from the comfort of home.",Appetizers,Meatballs,N,N,N,N,3 lb / 1.36 kg,1360,24.99,Y,"Beef, Water, Toasted wheat crumbs, Salt, Soy protein, Sugar, Spices and spice extracts, Onion powder, Garlic powder, Smoke flavour, Canola oil. Contains: Soy, Wheat.","Soy, Gluten",6 meatballs (60 g),60,170,14,6,2,1,0,8,30,280,125
4040,Italian Style Beef Meatballs,"Make Nonna proud without lifting a finger when you serve our Italian Style Beef Meatballs. Seasoned with authentic Italian herbs and spices, it’s easy to get a little taste of Rome from the comfort of home.",Appetizers,Meatballs,N,N,N,N,2 lb / 907 g,907,14.99,Y,"Beef, Water, Toasted wheat crumbs, Salt, Soy protein, Sugar, Spices and spice extracts, Onion powder, Garlic powder, Smoke flavour, Canola oil. Contains: Soy, Wheat.","Soy, Gluten",6 meatballs (60 g),60,150,11,5,3,0,0,9,35,330,150
5020,Jalapeño Cheese Sticks,Cheddar and part skim mozzarella cheeses with diced jalapeños in a crispy panko breading.,Appetizers,Cheese & Vegetable,N,N,N,N,454 g,454,12.99,Y,"Breading (toasted wheat crumbs with spice extracts, water, vegetable oil, modified corn starch, enriched wheat flour, yellow corn flour, baking powder, defatted soy flour, dextrose, milk ingredients, dried egg-white, guar gum, paprika extract, turmeric extract, annatto extract), Cheddar and part skim mozzarella cheeses (modified milk ingredients, bacterial culture, salt, calcium chloride, annatto, microbial enzymes, powdered cellulose), Jalapeño peppers. Contains: Milk, Wheat, Soy, Egg.","Egg, Soy, Milk, Gluten",about 3 pieces (90 g),90,270,14,6,25,2,3,11,25,370,75
4163,Jalapeño Wontons,"We fill flaky golden wontons with luscious cream cheese and jalapeños for the perfect combination of crispy and creamy with a kick. Ready from frozen in 15 minutes, they’re an excellent warm snack or charcuterie board addition. Includes a sweet chili sauce for dipping. 20.</b></p>",Appetizers,Cheese & Vegetable,N,N,N,N,223 g,223,9.99,Y,"Cream Cheese (Milk Ingredients, Salt, Carob Bean Gum, Bacterial Culture), Wrapper (Wheat Flour, Water, Liquid Egg White, Liquid Egg Yolk, Corn Starch, Salt, Monoglycerides, Wheat Gluten), Sweet Chili Sauce (Sugars [Sugar, Brown Sugar], Water, Vinegar, Corn Starch, Salt, Chili Peppers, Dehydrated Garlic, Chili Flakes, Oleoresin Paprika, Flavour), Jalapeño Peppers, Modified Canola Oil. Contains: Wheat, Egg, Milk.","Egg, Milk, Gluten",Per 6 pieces with sauce (111 g),111,340,16,8,39,1,7,11,45,550,125
4295,Jamaican-Style Beef Patty Bites,"Packing a flavourful punch, these perfectly snack-sized Beef Patty Bites are crafted with our signature recipe of mildly seasoned ground beef. Each tender morsel is encased in a delectable golden pastry that makes them an awesome sharing option! These irresistible treats are not only incredibly tasty but also incredibly versatile.",Appetizers,Meat & Poultry,N,N,N,N,500 g,500,12.99,Y,"Pastry: Enriched wheat flour, Shortening (canola oil, modified palm oil, palm kernel oil), Water, Sugar, Salt, Turmeric. Filling: Ground beef, Water, Seasoning (modified corn starch, sugar, dehydrated onions, soy sauce powder [soybeans, wheat, salt], yeast extract, salt, spices, dehydrated garlic, onion powder, garlic powder, flavour, caramel), Toasted wheat crumbs, Diced onions, Salt, Black pepper, Dehydrated jalapeño peppers. Glaze: Water, Casein, Sodium phosphate, Soy lecithin, Carrageenan, Spices. Contains: Wheat, Milk, Soy.","Soy, Milk, Gluten",4 pieces (88 g),88,250,14,5,21,1,3,9,20,570,150
4669,Jarkey®  Jar Opener,"Comfortable handle. Comes in assorted colours. 5.5” / 14cm in length. Just lift, pop and unscrew lid. Endorsed by Arthritis Associations around the world. Dishwasher safe.",Kitchen essentials,Kitchen Tools and Gadgets,N,N,N,N,,,7.99,Y,,,,,,,,,,,,,,
358,Jumbo Coconut Shrimp,"Breaded by hand, we dip sustainably sourced jumbo Pacific white shrimp in coconut milk and fresh shredded coconut flakes for a tropical crunch. Tail-on and butterflied, serve them as a crispy appetizer or golden side.* Meets M&M Food Market sustainability guidelines.",Appetizers,Shrimp & Seafood,N,N,N,N,340 g,340,14.99,Y,"Shrimp (shrimp, sodium triphosphate, salt), Enriched wheat flour, Water, Modified tapioca starch, Coconut flakes (coconut, sulphites), Modified corn starch, Sugars (sugar, dextrose), Coconut milk powder (coconut milk, glucose syrup and/or maltodextrin, sodium caseinate), Skimmed milk powder, Soybean oil, Natural flavour, Salt, Sodium bicarbonate, Sodium acid pyrophosphate, Yeast. Contains: Shrimp, Wheat, Milk. May contain: Sulphites.","Shellfish, Milk, Gluten, Sulfites",about 4 shrimp (76 g),76,190,10,1.5,19,2,2,7,50,310,75
4664,Key Lime Pie,"Real cream, cream cheese and the juice of nine (yes, nine!) key limes go into this pie’s creamy, dreamy filling. Packed into a crunchy graham crust, it’s the ultimate sweet-tart dessert.",Desserts,Pies & Pastries,N,Y,N,N,800 g,800,19.99,Y,"Graham Crumbs (Wheat Flour, Graham Flour, Sugar, Palm Oil, Glucose-fructose, Blackstrap Molasses, Honey, Salt, Baking Soda), Sugars (Sugar, Condensed Milk, Blackstrap Molasses), Cream (Cream, Carrageenan), Cream Cheese (Milk Ingredients, Salt, Bacterial Culture, Carob Bean Gum, Sorbic Acid), Butter, Water, Concentrated Key Lime Juice, Skim Milk Powder, Lime Puree (Concentrated Lime Juice, Water, Lime Pulp, Lime Oil, Lime Peel), Natural Flavours, Modified Tapioca Starch, Ginger, Concentrated Pumpkin Juice (For Colour). Contains: Wheat, Milk. May Contain: Egg, Almonds, Pecans, Soy.","Egg, Soy, Treenuts, Milk, Gluten",1/7 pie (114 g),114,410,21,13,52,2,30,5,55,360,200
4524,Korean Style Beef Noodles,"Served atop a luscious bed of noodles, our tender sliced beef is full of flavour and fully cooked for your convenience. Generously covered in Korean style BBQ sauce and carefully topped with julienned veggies and sesame seeds, this dish goes from freezer to table in a matter of minutes.",Single serve,Premium Entrées,Y,N,N,N,400 g,400,9.99,Y,"Cooked pasta (water, durum wheat semolina, canola oil, caramel, paprika, xanthan gum), Sauce (water, sugars [sugar, concentrated pineapple juice], soy sauce [water, soybeans, wheat, salt], rice vinegar, modified corn starch, sesame oil, spices, sesame seeds, dehydrated garlic, dehydrated green and white onions, citric acid, xanthan gum), Carrots, Broccoli, Beef steak (beef, water, salt, sugars [brown sugar, dextrose, glucose solids, maltodextrin], potassium lactate, natural flavour, sodium phosphate, yeast extract, caramel, modified corn starch, autolyzed yeast, spices, hydrolysed soy protein, citric acid), Sesame seeds. Contains: Wheat, Soy, Sesame.","Sesame seeds, Soy, Gluten",1 tray (400 g),400,480,11,2,76,3,26,18,10,650,450
4587,Korean Style Fried Chicken,"Beautifully ruffled and fried, crispy and crunchy boneless chicken thighs, ready to be sauced with the accompanied sweet, sticky and mildly spicy Korean style sauce.",Butcher,Breaded Chicken,N,N,N,N,650 g,650,16.99,Y,"Chicken, Water, Enriched wheat flour, Canola oil, Modified corn starch, Yellow corn flour, Salt, Sodium phosphate, Sugars (brown sugar, corn maltodextrin, sugar, glucose solids), Soy sauce powder (wheat, soybeans, salt), Spices, Baking powder, Modified palm oil, Defatted soy flour, Garlic powder, Onion powder, Natural flavour, Potassium sorbate, Guar gum. Sauce: Sugars (sugar, honey, glucose), Water, Gochujang (water, tapioca syrup, brown rice, red pepper powder, salt, alcohol, garlic, onions), Miso (water, soybeans, rice, salt, alcohol, aspergillus oryzae), Chili peppers, Modified corn starch, Salted mirin (glucose, fermented rice extract, water, salt), Vinegar, Salt, Paprika oleoresin, Garlic powder, Spices, Natural flavour, Xanthan gum, Acetic acid. Contains: Wheat, Soy.","Soy, Gluten",,,270,16,3,16,1,5,16,55,320,225
4994,Kraft Paper Luncheon Napkin,"16 ct. 2 ply 13"" x 13""",Kitchen essentials,Household Consumables,N,N,N,N,,,2.99,Y,,,,,,,,,,,,,,
4381,La Cocina Taco Shack Thick Cut Chips,"These thick cut Tortilla Chips have a restaurant-style texture and delicious taste, making them the perfect pairing with chunky dips.",Pantry essentials,Crisps & Savoury Snacks,N,N,N,N,360 g,360,5.99,Y,,,Per 10 chips (40 g),40,230,15,1,21,3,0,3,0,105,
408,Lasagna,"Saucy lasagna, coming right up. Our tempting recipe features beef, creamy ricotta cheese and rich tomato sauce between layers of pasta made in-house from 100% Canadian durum semolina flour, all topped with melty part skim mozzarella cheese.",Prepared meals,Lasagna,N,N,N,N,2 lb / 907 g,907,9.99,Y,"Cooked pasta (water, durum wheat semolina), Water, Part skim mozzarella, ricotta, parmesan and romano cheeses (modified milk ingredients, bacterial culture, salt, calcium chloride, microbial enzyme, citric acid, lipase, powdered cellulose), Diced tomatoes (tomatoes, tomato juice, citric acid, calcium chloride), Beef, Crushed tomatoes, Onions, Garlic (garlic, canola oil, water, citric acid), Modified corn starch, Sugar, Vinegar, Beef base (salt, sugars [sugar, corn maltodextrin], yeast extract, soy protein concentrate, onion powder, carrot powder, caramel, celery seed, garlic powder, natural flavour, beef powder, beef fat, soy lecithin), Milk ingredients, Salt, Spices. Contains: Milk, Wheat, Soy.","Soy, Milk, Gluten",1/3 tray (300 g),300,370,13,7,41,4,8,22,35,650,550
409,Lasagna,"Saucy lasagna, coming right up. Our tempting recipe features beef, creamy ricotta and rich tomato sauce between layers of pasta made in house from 100% Canadian durum semolina flour, all topped with melty part skim mozzarella cheese.",Prepared meals,Lasagna,N,N,N,N,4 lb / 1.81 kg,1810,19.99,Y,"Cooked pasta (water, durum wheat semolina), Water, Part skim mozzarella, ricotta, parmesan and romano cheeses (modified milk ingredients, bacterial culture, salt, calcium chloride, microbial enzyme, citric acid, lipase, powdered cellulose), Diced tomatoes (tomatoes, tomato juice, citric acid, calcium chloride), Beef, Crushed tomatoes, Onions, Garlic (garlic, canola oil, water, citric acid), Modified corn starch, Sugar, Vinegar, Beef base (salt, sugars [sugar, corn maltodextrin], yeast extract, soy protein concentrate, onion powder, carrot powder, caramel, celery seed, garlic powder, flavour, beef powder, beef fat, soy lecithin), Milk ingredients, Salt, Spices. Contains: Milk, Wheat, Soy.","Soy, Milk, Gluten",1/6 tray (300 g),300,360,12,6,40,4,7,22,50,650,500
586,Lasagna,"Saucy lasagna, coming right up. Our tempting recipe features beef, creamy ricotta and rich tomato sauce between layers of pasta made in house from 100% Canadian durum semolina flour, all topped with melty part skim mozzarella cheese.",Single serve,Classic Entrées,Y,N,N,N,340 g,340,4.99,Y,"Cooked pasta (water, durum wheat semolina), Water, Diced tomatoes (tomatoes, tomato juice, citric acid, calcium chloride), Beef, Part skim mozzarella, ricotta, parmesan and romano cheeses (modified milk ingredients, bacterial culture, salt, calcium chloride, microbial enzyme, citric acid, lipase, powdered cellulose), Crushed tomatoes, Onions, Garlic (garlic, canola oil, water, citric acid), Modified corn starch, Sugar, Vinegar, Beef base (salt, sugars [sugar, corn maltodextrin], yeast extract, soy protein concentrate, onion powder, carrot powder, caramel, celery seed, garlic powder, natural flavour, beef powder, beef fat, soy lecithin), Milk ingredients, Salt, Spices. Contains: Milk, Wheat, Soy.","Soy, Milk, Gluten",1 tray (340 g),340,340,10,5,43,6,10,19,30,770,700
753,Lavalicious® Chocolate Cake,"Rich molten chocolate ganache made from scratch with creamy butter, whipping cream and chocolate, oozes from within a divinely moist chocolate cake. Ready in a minute in the microwave, this restaurant quality dessert is a treat for the eyes and taste buds.",Desserts,Cakes,N,Y,N,N,228 g,228,5.99,Y,"Sugar, Liquid whole egg, Water, Enriched wheat flour, Butter, Dark chocolate (sugar, unsweetened chocolate, cocoa butter, butter oil, soy lecithin, vanilla extract), Cocoa, Cream (cream, milk, carrageenan), Baking powder, Flavours, Soy lecithin, Salt, Modified tapioca starch and/or Modified corn starch, Palm oil shortening, Guar gum, Xanthan gum. Contains: Egg, Wheat, Milk, Soy. May Contain: Tree nuts.","Egg, Soy, Treenuts, Milk, Gluten",1 cake (114 g),114,410,21,13,49,3,27,6,105,330,400
5011,Lemon Cookie Ice Cream Sandwiches,"Creamy vanilla ice cream, sandwiched between soft baked lemon cookies, that are naturally flavoured with lemon zest.",Desserts,Ice Cream & Novelties,N,N,N,Y,600 mL,,11.99,Y,"Vanilla ice cream: Milk and/or cream, Sugars (sugar, corn syrup solids, dextrose), Milk ingredients, Mono- and diglycerides, Guar gum, Polysorbate 80, Carrageenan, Vanilla flavour. Lemon cookies: Gluten-free flour mix (rice flour, tapioca starch, soy flour, sodium bicarbonate, xanthan gum), Sugars (brown sugar), Lemon zest (lemon peel zest, cane sugar, lemon oil essence), Soybean oil and modified palm oil margarine, Water, Milled flaxseeds, Natural flavour. Contains: Milk, Soy.","Soy, Milk",1 cookie sandwich (100 mL),,210,9,3,29,2,19,3,10,105,150
4461,Lemon Herb Chicken and Pasta Kit,"Simple prep meets complex flavour in this stunning serving. Featuring a chef-inspired lemon and garlic sauce with a blend of herbs and spices, this delicious combination of seasoned chicken and colourful veggies is an instant pasta classic. Easy to prepare and ready in under 20 minutes.",Prepared meals,Meal Kits,N,N,N,N,907 g,907,19.99,Y,"Cooked pasta (durum wheat semolina, water, canola oil or soybean oil), Cooked seasoned chicken (chicken breast fillet, water, modified corn starch, salt), Sauce (water, canola oil, garlic, butter, onions, wine, salt, concentrated lemon juice, herbs, spices, natural flavour, soy lecithin, xanthan gum, citric acid, potassium sorbate), Vegetables (broccoli, carrots, red bell peppers). Contains: Wheat, Milk, Soy.","Soy, Milk, Gluten",1/3 of bag (300 g),300,400,16,3,35,3,3,28,55,380,500
5013,Lemon & Herb Chicken Skewers,"Fully cooked, seasoned chicken breast pieces, red bell peppers and onions in a lemon and herb marinade, hand grilled over real charcoal for the perfect char.",Butcher,Seasoned & Marinated Chicken,N,N,N,N,300 g,300,12.99,Y,"Chicken breast, Red bell peppers, Water, Onions, Sugars (sugar, dextrose, maltodextrin, glucose syrup), Tapioca starch, Soybean oil, Salt, Autolyzed yeast extract, Spices and herbs, Garlic powder, Onion powder, Modified tapioca starch, Natural flavour, Sodium citrate, Citric acid, Vinegar, Vinegar powder, Lemon oil, Spice extracts, Rosemary extract.",,1 skewer (75 g),75,90,1,0.4,6,1,3,13,40,330,200
659,Lemonicious® Lemon Squares,"Flaky, all-butter shortbread crust covered with a generous layer of tart lemon curd filling and topped with a white chocolate ganache. Just thaw and serve, these melt-in-your-mouth squares are as easy to serve as they are delicious.",Desserts,Bars & Squares,N,Y,N,N,850 g,850,19.99,Y,"Lemon filling (sugar, liquid whole egg, water, concentrated lemon juice, modified corn starch, palm oil, soybean oil and modified palm oil shortening, flavour), Enriched wheat flour, Butter, White chocolate (sugar, cocoa butter, whole milk powder, soy lecithin, vanilla flavour), Sugars (icing sugar, glucose solids), Whipping cream (cream, cellulose gel, carrageenan, cellulose gum), Cocoa butter, Glycerin, Flavour, Annatto. Contains: Egg, Milk, Wheat, Soy. May Contain: Peanuts, Tree nuts, Sulphites.","Peanuts, Egg, Soy, Treenuts, Milk, Gluten, Sulfites",1/21 of tray (40 g),40,150,7,4,20,0,14,2,40,40,40
4307,Lightly Crusted Garlic and Herb Haddock,Haddock fillets lightly crusted in a roasted garlic and herb recipe. * Meets M&M Food Market sustainability guidelines.,Seafood,Breaded & Battered Fish,N,N,N,N,500 g,500,21.99,Y,"Haddock, Canola oil, Water, Toasted wheat crumbs, Modified corn starch, Rice flour, Seasonings (roasted garlic, yeast, herbs, spices, citric acid, onions, chives), Enriched wheat flour, Natural lemon flavour, Salt. Contains: Haddock, Wheat. May contain: Tree Nuts.","Fish, Treenuts, Gluten",1 fillet (127 g),127,180,7,0.5,9,1,0,19,55,270,350
4308,Lightly Crusted Lemon Pepper Sole,Sole fillets lightly crusted in a lemon pepper recipe. * Meets M&M Food Market sustainability guidelines.,Seafood,Breaded & Battered Fish,N,N,N,N,540 g,540,21.99,Y,"Sole, Water, Toasted wheat crumbs, Canola oil, Enriched wheat flour, Rice flour, Modified corn starch, Seasonings (spices, onions, garlic, citric acid), Sugars (sugar, maltodextrin, corn syrup solids, dextrin), Salt, Flavours, Sodium phosphate, Turmeric. Contains: Sole, Wheat. May Contain: Tree Nuts.","Fish, Treenuts, Gluten",1 fillet (138 g),138,230,10,1,15,1,1,20,45,290,300
5087,Lime Splash Fruit Juice Bar,"Quench your thirst for fruity flavour with our delicious frozen fruit bars. Made with real lime juice, these refreshing treats are the perfect snack with a cool splash of sweetness.",Desserts,Ice Cream & Novelties,N,N,N,N,,,9.99,Y,"Water, Cane sugar, Concentrated lime juice, Guar gum, Citric acid, Lime oil.",,1 bar (89 mL),,80,0,0,21,0,17,0,0,0,20
4264,Loaded Pepperoni Hand Pie,A pepperoni pizza filling in a flaky pastry.,Single serve,Pot Pies,Y,N,N,N,150 g,150,3.99,Y,"Filling: Tomato Puree (Tomatoes, Citric Acid), Part Skim Mozzarella Cheese (Partly Skimmed Milk, Salt, Bacterial Culture, Calcium Chloride, Microbial Enzyme, Powdered Cellulose), Pepperoni (Pork, Beef, Salt, Water, Spices, Sugars [Dextrose, Turbinado Sugar], Seasoning, Cultured Celery Powder, Lactic Acid Starter Culture, Cherry Powder, Flavour), Water, Tomato Paste, Onions, Carrot Puree, Modified Corn Starch, Canola Oil and Olive Oil, Garlic, Sugar, Sea Salt, Guar Gum, Dried Basil, Oregano. Pastry: Pastry Flour, Soy Shortening, Water, Salt, Sugars (Dextrose), Natural Butter Flavour. Glaze: Water, Sugars (Dextrose) Sodium Bicarbonate.","Milk, Gluten, Mustard",Per 1 pie (150 g),150,530,35,15,38,2,6,15,10,640,225
4359,Loaded Perogy Bake,"Our signature recipe of potato and cheddar cheese perogies loaded with layers of sour cream, cream cheese, bacon and caramelized onions, topped with green onions and cheddar cheese.",Prepared meals,Pasta Dishes,N,N,N,N,907 g,907,17.99,Y,"Potato and cheddar cheese perogies (enriched wheat flour, potatoes, water, cheddar cheese, canola oil, salt, annatto), Water, Sour cream (milk ingredients, modified corn starch, guar gum, carrageenan, carob bean gum, sodium citrate, sodium phosphate, bacterial culture), Cream cheese (milk ingredients, bacterial culture, salt, guar gum, carob bean gum), Cheddar cheese (milk, salt, bacterial culture, calcium chloride, microbial enzyme, annatto), Bacon, Caramelized onions (onions, water, brown sugar, canola oil, salt, citric acid, modified corn starch, natural flavour, caramel, spices), Green onions, Chicken broth, Modified corn starch, Sodium citrate, Spices.Contains: Wheat, Milk. May contain: Soy.","Soy, Milk, Gluten",1/5 of tray (181 g),181,350,16,7,40,2,4,11,35,560,300
4242,Loaded Potato Soup,"Redefine your soup experience with our signature recipe of deliciously blended sour cream and cheddar cheese, generously loaded with potato chunks. This enticing combination of savoury scrumptiousness is perfected with naturally smoked bacon, fragrant green onions and chives.",Single serve,Soups,Y,N,N,N,285 g,285,6.99,Y,"Chicken broth (water, chicken broth powder), Potatoes (potatoes, water, calcium chloride, salt, disodium EDTA), Sour cream (milk, cream, modified milk ingredients, bacterial culture, microbial enzyme), Cheddar cheese, Onions, Green onions, Canola oil, Modified corn starch, Smoked bacon, Cooked pork belly bits, Gelatin, Soy lecithin, Salt, Garlic, Yeast extract, Chives, Cellulose. Contains: Milk, Soy. May contain: Wheat.","Soy, Milk, Gluten",1 soup (285 g),285,260,14,8,19,2,2,14,35,620,500
4092,Lobster Mac & Cheese Bites,"We’ve taken succulent lobster and blended it with mouthwatering macaroni noodles that have been enveloped in a rich blend of pizza mozzarella, mascarpone and cheddar cheeses. For the perfect finishing touch, these indulgent bites are covered with a light crispy coating.",Appetizers,Shrimp & Seafood,N,N,N,N,252 g,252,12.99,Y,"Ingredients: Breading (toasted wheat crumbs, water, enriched wheat flour, modified corn starch, baking powder, sugars [sugar, dextrose], wheat starch, modified palm oil and/or sunflower oil, salt, soy protein isolate, sodium caseinate, modified cellulose, annatto extract, spice extracts, red pepper flakes, parsley), Macaroni (water, durum wheat semolina, niacin, ferrous sulphate, thiamin mononitrate, riboflavin, folic acid), Lobster (lobster, water, salt), Cream (cream, milk, carrageenan, mono- and diglycerides, cellulose gum, polysorbate 80), Modified canola oil, Pizza mozzarella cheese (modified milk ingredients, bacterial culture, salt, calcium chloride, microbial enzyme), Mascarpone cheese (milk ingredients, sugars [maltodextrin, fructose], mono- and diglycerides, guar gum, carrageenan, carob bean gum, citric acid, salt, potassium sorbate, flavour, calcium chloride), Cheddar cheese (modified milk ingredients, bacterial culture, salt, calcium chloride, microbial enzyme, annatto), Modified corn starch and/or Modified tapioca starch, Sauteed onions (onions, gum arabic, flavour, rice concentrate, sugars [maltodextrin]), Lemon juice from concentrate (water, concentrated lemon juice, sulphites, lemon oil), Chopped garlic (garlic, soybean oil, water, citric acid, potassium sorbate), Seasoning (contains salt, mustard). Contains: Wheat, Soy, Lobster, Milk, Sulphites, Mustard.","Soy, Shellfish, Milk, Gluten, Mustard",5 pieces (90 g),90,280,16,4.5,26,1,3,7,30,360,75
4093,Lobster Stuffed Shrimp Caps,"Each delectable handmade shrimp bite is stuffed with Atlantic lobster that has been seasoned with lemon pepper and blended with red and green bell peppers and a medley of parmesan, cheddar and cream cheeses. These tasty bites are finished off with a splash of zesty lemon juice and a blend of asiago and parmesan cheeses for the ultimate seafood appetizer.",Appetizers,Shrimp & Seafood,N,N,N,N,276 g,276,19.99,Y,"Shrimp (shrimp, water, salt, sodium phosphate), Cream cheese (milk ingredients, salt, carob bean gum, bacterial culture), Butter, Lobster (lobster, water, salt), Red bell peppers, Parmesan cheese (pasteurized milk, salt, calcium chloride, bacterial culture, lipase, microbial enzyme, cellulose, natamycin), Cheddar cheese (modified milk ingredients, bacterial culture, salt, calcium chloride, microbial enzyme, annatto), Green bell peppers, Toasted wheat crumbs, Asiago cheese (modified milk ingredients, salt, calcium chloride, lipase, bacterial culture, microbial enzyme, cellulose, natamycin), Lemon juice from concentrate (water, concentrated lemon juice, sodium benzoate, sulphites, lemon oil), Sugars (brown sugar), Seasoning, Modified corn starch and/or modified tapioca starch. Contains: Shrimp, Milk, Lobster, Sulphites.","Shellfish, Milk, Gluten, Sulfites",Per 4 pieces (92 g),92,160,10,7,6,0,2,12,85,570,100
4454,Lobster Tail Skewers,"North Atlantic lobster tail halves are marinated in a decadent garlic lemon butter glaze before being carefully hand skewered. Wild caught and sustainably sourced, these lobster skewers are easy to prep and delightful to devour. * Meets M&M Food Market sustainability guidelines.",Seafood,Shellfish,N,N,N,N,200 g,200,29.99,Y,"Lobster, Butter, Salt, Dehydrated green bell peppers, Dehydrated lemon peel, Sugars (sugar, corn maltodextrin), Dehydrated garlic, Dehydrated onions, Canola oil, Lemon juice solids, Spices, Citric acid, Flavour, Turmeric oleoresin. Contains: Lobster, Milk.","Shellfish, Milk",2 skewers (69 g),69,60,2,1.5,1,0,0,8,85,440,150
4389,Louisiana Style Chicken Wings,"Fully cooked, seasoned chicken wing drumettes and winglets, coated with our exclusive spicy Louisiana style breading.",Appetizers,Wings & Chunks,N,N,N,N,680 g,680,12.99,Y,"Chicken wings (drumettes and winglets), Water, Enriched wheat flour, Soybean oil, Salt, Sugar, Sodium phosphate, Onion powder, Spices, Garlic powder, Spice extracts, Flavour, Yeast extract. Contains: Wheat.",Gluten,about 3 wings (100 g),100,210,13,3,9,1,1,15,55,620,200
5035,Macaron Variety Pack,"Our exclusive delicate and delicious macarons in a delightful variety of flavours: Chocolate, Vanilla, Raspberry, Pistachio.",Desserts,Pies & Pastries,N,N,N,N,138 g,138,9.99,Y,"Chocolate macaron: Sugars (icing sugar, granulated sugar, glucose syrup), Almonds, Water, Chocolate (cocoa mass, sugar, Low fat cocoa powder, lecithin, natural vanilla flavour), Liquid egg white, Butter, low fat cocoa powder, White chocolate (sugar, cocoa butter, whole milk powder, lecithin, natural vanilla flavour), Dried egg white, Corn starch, Potato starch, Mono- and diglycerides, Natural flavours, Glycerin fatty acid esters, Xanthan gum. Vanilla macaron: Sugars (icing sugar, granulated sugar, glucose syrup), Almonds, White chocolate (sugar, cocoa butter, whole milk powder, lecithin, natural vanilla flavour), Water, Butter, Liquid egg white, Dried egg white, Corn starch, Potato starch, Bourbon vanilla extract, Mono- and diglycerides, Glycerin fatty acid esters, Natural flavours, Xanthan gum, Bourbon vanilla powder. Raspberry macaron: Sugars (icing sugar, granulated sugar, concentrated raspberry juice, glucose syrup), Almonds, White chocolate (sugar, cocoa butter, whole milk powder, lecithin, natural vanilla flavour), Water, Butter, Liquid egg white, Dried egg white, Corn starch, Red beet concentrate, Potato starch, Mono- and diglycerides, Natural flavours, Citric acid, Glycerin fatty acid esters, Xanthan gum, Acerola extract, Beet red extract, Lemon extract. Pistachio macaron: Sugars (icing sugar, granulated sugar, glucose syrup), Almonds, Water, White chocolate (sugar, cocoa butter, whole milk powder, lecithin, natural vanilla flavour), Butter, Liquid egg white, Pistachios, Dried egg white, Corn starch, Potato starch, Mono-and diglycerides, Spirulina extract, Natural flavours, Carotene, Glycerin fatty acid esters, Xanthan gum. Contains: Almonds, Pistachios, Egg, Milk. May contain: Wheat, Peanuts, Other tree nuts.","Peanuts, Egg, Treenuts, Milk, Gluten",,,150,7,2.5,18,2,15,3,5,15,125
581,Macaroni & Cheese,"The cheddar cheese sauce in this homestyle dish guarantees it will be creamy, comforting, rich and gooey. Ready in minutes from the microwave.",Single serve,Classic Entrées,Y,Y,N,N,300 g,300,4.99,Y,"Cooked pasta (water, durum wheat semolina), Water, Cheddar cheese (milk, bacterial culture, salt, calcium chloride, microbial enzyme, annatto), Skim milk powder, Enriched wheat flour, Soybean oil and modified palm oil margarine, Salt, Whey powder, White pepper. Contains: Milk, Wheat, Soy.","Soy, Milk, Gluten",1 tray (300 g),300,440,16,8,53,3,6,21,25,990,300
833,Maple Bacon BBQ Sauce,A rich barbecue sauce made from vine-ripened tomatoes with pure Canadian maple syrup and real bacon bits.,Pantry essentials,Sauces,N,N,N,N,425 mL,,6.99,Y,"Sugars (sugar, blackstrap molasses, maple syrup), Water, Vinegar, Tomato paste, Modified corn starch, Canola oil, Bacon, Salt, Spices, Dehydrated onions, Natural flavour. Contains: Mustard.",Mustard,2 tbsp (30 mL),,80,1,0,16,0,14,0,0,190,50
4253,Maple Butter Pork Chops,"These tender and juicy pork chops with a glaze made with real Canadian maple syrup will have everyone heading straight to the dinner table. Thinly sliced and already fully cooked, these chops can be quickly prepared in 12 minutes or less in a variety of ways, indoors or out.",Butcher,Pork Dishes,N,N,N,N,500 g,500,12.99,Y,"Seasoned pork chop (pork, water, salt, tapioca starch, sugars [corn syrup solids], sodium phosphate), Maple butter flavoured glaze (sugars [sugar, glucose, maple syrup, brown sugar], water, soybean oil and modified palm oil margarine, modified corn starch, butter, salt, flavour, soy lecithin, xanthan gum, citric acid, potassium sorbate, sodium benzoate). Contains: Milk, Soy.","Soy, Milk",,,130,2,1,2,0,0,24,55,700,350
4155,Maple Cream Fudge,Golden brown traditional creamy fudge made with Canadian maple syrup.,Pantry essentials,Cookies & Sweet Snacks,N,Y,N,N,200 g,200,7.99,Y,"Sugars (sugar, brown sugar, glucose, maple syrup), Cream (milk, cream, carrageenan, mono- and diglycerides, disodium phosphate, sodium citrate), Butter, Maple flavour, Potassium sorbate. Contains: Milk, Soy. May contain: Tree nuts.","Soy, Treenuts, Milk",2 pieces (40 g),40,160,2,1.5,34,0,29,0,5,25,20
4365,Maplewood Smoked Bacon Wrapped Salmon,"Savour the perfect fusion of quality and flavour with our maplewood smoked bacon wrapped salmon. Each tender salmon is sustainably sourced from the Atlantic, meticulously hand trimmed, ensuring the finest boneless, skinless fillets. Wrapped in bacon that is naturally maplewood smoked to perfectly complement the deliciousness of the salmon. * Meets M&M Food Market sustainability guidelines.",Seafood,Marinated & Glazed Fish,N,N,N,N,284 g,284,17.99,Y,"Salmon, Bacon (pork, water, salt, sugar, sodium phosphate, sodium erythorbate, sodium nitrite, sodium bicarbonate, spices, smoke), Sugars (maple sugar, brown sugar), Salt, Smoke flavour, Dehydrated red bell peppers, Flavour, Spices, Caramel powder, Silicon dioxide. Contains: Salmon.",Fish,Per 1 piece (142 g),142,310,22,7,1,1,0,26,85,430,450
5028,Marinara Dipping Sauce,A savoury blend of tomatoes with fragrant herbs and a hint of garlic.,Pantry essentials,Sauces,N,N,N,N,250 mL,,3.99,Y,,,2 tbsp (30 mL),,20,0,0,4,1,2,0,0,105,150
4025,Meat Loaf Minis,"Experience all the flavour of a homestyle meatloaf dinner with conveniently sized portions for one! Made from seasoned lean ground beef, these meat loaf minis come fully cooked and ready to devour, you just have to heat and serve. We’ve even included traditional barbecue sauce packets for a gourmet glaze!",Prepared meals,Meat Loaf & Meatballs,N,N,N,N,680 g,680,19.99,Y,"Meat loaf (beef, water, toasted wheat crumbs, dehydrated vegetables [onions, tomatoes, garlic], soy protein, sugars [sugar, fructose, corn maltodextrin, dextrose], modified corn starch, salt, spices, high oleic sunflower oil, natural flavour, hydrolyzed soy and corn protein, worcestershire sauce [vinegar, refiner's molasses, glucose syrup, salt, caramel, garlic, sugar, spices, tamarind, natural flavour]), Sauce (water, sugars [sugar, brown sugar], seasoning [dehydrated vegetables {tomatoes, garlic, onions}, sugars {sugar, brown sugar}, salt, fancy molasses, malic acid, corn maltodextrin, spices, caramel, spice extracts, sunflower oil], vinegar, modified corn starch, xanthan gum, sodium benzoate, potassium sorbate). Contains: Wheat, Soy.","Soy, Gluten",1 meat loaf mini and 1 sauce pouch (170 g),170,320,15,7,20,2,9,27,80,710,500
4525,Mediterranean Style Chicken & Rice,"Explore the sumptuous flavours of the Mediterranean in only 5 minutes with this convenient single serve entree! Seasoned potato wedges, tender chicken breast pieces and long grain rice come together in delicious harmony with a savoury garlic sauce and parsley garnish.",Single serve,Premium Entrées,Y,N,N,N,400 g,400,9.99,Y,"Cooked rice blend (water, rice, red bell peppers, carrots, canola oil), Potatoes (potatoes, canola oil and/or soybean oil, enriched wheat flour, yellow corn meal, salt, modified corn starch, spices, garlic powder, onion powder, sugars [dextrose], paprika extract, guar gum, sodium acid pyrophosphate), Cooked chicken (chicken breast, water, sugars [glucose solids], soy protein isolate, potassium chloride, flavour, sodium phosphate, salt, spice extracts), Garlic sauce (water, mayonnaise [canola oil, liquid whole egg, water, frozen yolk, vinegar, sugar, salt, concentrated lemon juice, mustard, disodium calcium EDTA, spices], garlic, modified corn starch, canola oil, citric acid, xanthan gum), Broccoli, Parsley. Contains: Soy, Wheat, Egg, Mustard.","Egg, Soy, Gluten, Mustard",1 tray (400 g),400,540,20,2,69,5,0,21,50,540,900
4599,Mexican Style Elote Pasta salad,This gourmet creation isn’t just a side dish; it's the heart and soul of a lively feast. One bite of this flavourful medley will immerse your senses in the essence of an enchanting Mexican night and leave you wanting more.,Sides,Pasta,N,N,N,N,454 g,454,9.99,Y,"Corn, Cooked pasta (water, durum wheat semolina), Black turtle beans, Lime juice, Canola oil, Red bell peppers, Green bell peppers, Feta cheese, Sour cream (milk ingredients, modified corn starch, guar gum, carrageenan, locust bean gum, sodium citrate, bacterial culture), Golden sugar, Celery, Water, Red onions, Green onions, Kale, Salt, Chili powder (spices, salt, spice extracts), Garlic, Vinegar, Sriracha sauce (red jalapeño peppers, water, sugar, salt, garlic, vinegar, xanthan gum, hot pepper sauce [vinegar, red peppers, salt]), Corn starch, Potassium chloride, Herbs, Spices, Flavour. Contains: Wheat, Milk. May Contain: Mustard, Soy.","Soy, Milk, Gluten, Mustard",Per 2/3 cup (140 g),140,200,7,1.5,29,5,7,6,0,470,350
157,Mild Italian Style Sausages,Experience the great taste of our traditional mild Italian style sausages. Enjoy them as a delicious part of your favourite recipe or savour them solo on a bun. These sausages are fully cooked and ready for the BBQ or oven straight from the freezer!,Butcher,Sausages,N,N,N,N,900 g,900,19.99,Y,"Pork, Water, Salt, Toasted wheat crumbs, Milk ingredients, Modified corn starch, Spices, Garlic powder, Sodium erythorbate, Sodium nitrite, Spice extracts. Contains: Wheat, Milk.","Milk, Gluten",1 sausage (113 g),113,320,27,10,3,1,1,15,60,990,250
4592,Mild Pepperoni stick - single,Naturally Hardwood Smoked.,Pantry essentials,Dried Meat,N,N,N,N,50 g,50,2.99,Y,"Pork, Water, Beef, Salt, Spices, Glucono delta lactone, Sugars (sugar, dextrose), Dehydrated garlic, Ascorbic acid, Sodium nitrite, Smoke.",,1 stick (50 g),50,220,18,6,2,0,1,13,55,820,225
4354,Mild Pepperoni Sticks,These pork and beef pepperoni sticks are cooked and smoked using natural hardwood chips giving them a subtle smoky flavour. They make an impressive addition to a charcuterie platter and they are perfect for a simple snack on the go.,Pantry essentials,Dried Meat,N,N,N,N,75 g,75,3.99,Y,"Pork, Water, Beef, Salt, Spices, Glucono delta lactone, Sugars (sugar, dextrose), Dehydrated garlic, Ascorbic acid, Sodium nitrite, Smoke.",,2 sticks (30 g),30,140,11,4,1,0,0,8,30,490,150
5001,Milk Chocolate Cow Chips,Fresh potato chips covered in rich milk chocolate. Proudly handmade in PEI by Anne of Green Gables Chocolates.,Pantry essentials,Cookies & Sweet Snacks,N,N,N,N,100 g,100,6.99,Y,,,per 12 pieces (50 g),50,270,16,8,29,1,22,3,10,80,150
4170,Mini Apple Crisp Cheesecakes,Experience the sweet harmony of authentic cheesecake and classic apple pie flavour. This delectable handmade dessert is garnished with streusel and a dulce de leche drizzle for an irresistible finish.,Desserts,Cheesecake,N,N,N,N,360 g,360,12.99,Y,"Cream cheese (milk ingredients, salt, bacterial culture, carob bean gum), Sugar, Apple filling (apples, sugar, water, modified corn starch, citric acid, apple flavour, sodium metabisulphite, agar, carrageenan, calcium chloride), Graham crumbs (wheat flour, sugars [sugar, brown sugar, blackstrap molasses], graham flour, water, vegetable oil shortening [canola oil, palm oil and modified palmoil], baking powder, salt), Liquid whole egg, Wheat flour, Sour cream (cream, milk, skim milk powder, modified corn starch, guar gum, carrageenan, carob bean gum, sodium citrate, sodium phosphate, bacterial culture), Margarine, Caramel sauce (milk, sugar, soybean oil, glucose, vanilla flavour, sodium bicarbonate), Water, Butter, Rolled oats, Cinnamon, Vanilla flavour, Lemon flavour, Modified corn starch, Salt. Contains: Egg, Milk, Soy, Wheat. May contain: Peanuts, Almonds, Hazelnuts, Pistachios, Walnuts, Pecans.","Peanuts, Egg, Soy, Treenuts, Milk, Gluten",Per 2 mini cakes (120 g),120,410,20,11,52,1,36,6,105,350,125
4248,Mini Bacon Wrapped Chicken Fillets,Tender bite-size maple seasoned chicken breast portions paired with pizza mozzarella cheese and hand-wrapped with naturally smoked bacon. These undeniably delectable bites are ready in under 20 minutes and perfect for sharing.,Appetizers,Bacon Wrapped,N,N,N,N,238 g,238,24.99,Y,"Chicken, Bacon (pork, water, salt, sugar, smoke flavour, sodium phosphate, sodium erythorbate, sodium nitrite, smoke), Pizza mozzarella cheese (partly skimmed milk, modified milk ingredients, salt, bacterial culture, calcium chloride, microbial enzyme), Sugars (sugar, brown sugar, maple sugar, molasses solids, maltodextrin), Salt, Dehydrated onions, Dehydrated garlic, Flavour, Spices, Disodium inosinate, Disodium guanylate, Annatto, Dehydrated parsley, Ascorbic acid, Vegetable oil. Contains: Milk.",Milk,5 pieces (85 g),85,170,8,3,3,0,2,21,60,670,300
4238,Mini Chocolate Peanut Butter Cakes,These irresistible bites bring the long-beloved flavour combo of chocolate and peanut butter to a whole new level of delicious. Sink your teeth into divine chocolate sponge cake and peanut butter mousse topped with a chocolate glaze and toasted peanuts. This stunning serving will leave any sweet tooth satisfied.,Desserts,Cakes,N,N,N,N,300 g,300,12.99,Y,"Cream (Cream, Milk, Cellulose Gel, Carrageenan, Cellulose Gum), Peanut Butter (Dry Roasted Peanuts, Icing Sugar, Hydrogenated Vegetable Oils [Canola, Cottonseed, Soybean], Salt), Chocolate Sponge Cake Mix (Sugar, Enriched Wheat Flour, Cocoa Powder, Baking Powder, Modified Corn Starch, Modified Milk Ingredients, Wheat Starch, Salt, Canola Oil, Cellulose Gum, Guar Gum, Flavour), Sugars (Sugar, Glucose), Liquid Whole Egg, Canola Oil, Semi-Sweet Chocolate (Sugar, Unsweetened Chocolate, Dextrose, Cocoa Butter, Soy Lecithin), Water, Toasted Peanut Pieces, Coconut Oil, Butter, Gelatin, Glaze (Glucose, Sugar, Water, Carrageenan, Citric Acid, Calcium Chloride, Sorbic Acid), Modified Corn Starch, Flavours, Salt. Contains: Peanuts, Wheat, Egg, Milk, Soy. May Contain: Tree Nuts.","Peanuts, Egg, Soy, Treenuts, Milk, Gluten",Per 2 mini cakes (100 g),100,410,27,11,35,2,25,6,60,240,150
5027,Mini Chocolate Torte Duo,"Rich and decadent flourless chocolate cakes, coated in a luscious chocolate glaze and finished with a delicate drizzle of milk chocolate.",Desserts,Cakes,N,N,N,Y,160 g,160,8.99,Y,"Semi-sweet chocolate (sugar, unsweetened chocolate, cocoa butter, soy lecithin, vanilla extract), Sugars (cane sugar), Cream (pasteurized cream, carrageenan), Liquid whole egg, Frozen yolk mix (liquid yolk, sugar), Milk chocolate (sugar, whole milk powder, cocoa butter, unsweetened chocolate, soy lecithin, vanilla flavour), Corn starch, Coconut oil, Baking powder, Sea salt. Contains: Milk, Egg, Soy. May contain: Almonds.","Egg, Soy, Treenuts, Milk",1 cake (80 g),80,320,16,10,40,2,38,5,125,140,200
606,Mini Cream Puffs,"Light and airy, these mini cream puffs boast a delicate golden choux pastry that’s crisp on the outside and irresistibly soft within. Each bite reveals a luscious, velvety cream filling for the perfect balance of texture and flavour. Elevate them with a drizzle of chocolate or a dusting of sugar for an extra indulgent touch.",Desserts,Bite Sized,N,Y,N,N,250 g,250,5.99,Y,"Whipping cream (milk), Milk ingredients, Liquid whole egg, Sugar, Coconut oil, Enriched wheat flour, Palm oil, Palm kernel oil, Corn starch, Mono- and diglycerides, Carrageenan, Salt. Contains: Milk, Egg, Wheat. May contain: Tree nuts.","Egg, Treenuts, Milk, Gluten",6 cream puffs (75 g),75,270,22,14,14,0,9,4,90,50,75
621,Mini Eclairs,"Flaky puff pastries are filled to the brim with rich vanilla whipped cream and glazed with authentic, dark Belgian chocolate. Perfect for sharing, these two-bite treats are truly a batch made in heaven.",Desserts,Bite Sized,N,Y,N,N,200 g,200,5.99,Y,"Whipping cream (milk), Milk ingredients, Sugars (Sugar, glucose-fructose, lactose), Water, Dark chocolate (cocoa mass, sugar, cocoa butter, soy lecithin, vanilla extract), Liquid whole egg, Enriched wheat flour, Modified potato starch, Palm oil, Palm oil and canola oil margarine, Modified milk ingredients, Carrageenan, Salt, Flavour,, Carotenes. Contains: Milk, Soy, Egg, Wheat. May contain: Almonds, Hazelnuts, Pistachios.","Egg, Soy, Treenuts, Milk, Gluten",5 eclairs (83 g),83,260,17,10,23,1,17,4,70,60,125
5010,Mini Filled Donuts,"If you love donuts as much as we do, you’ll be delighted that these iced and filled mini donuts can be pulled from the freezer and defrosted, tasting like you just brought them home fresh from the bakery. And with two popular flavours – Chocolaty Hazelnut and Strawberry – you’ll always have the perfect treat on hand for snacking, dessert or lunchbox surprises.",Desserts,Bite Sized,N,N,N,N,184 g,184,6.99,Y,"Chocolaty hazelnut donut: Enriched wheat flour, Sugars (sugar, lactose, dextrose), Vegetable oil (palm oil, sunflower oil), Water, Hazelnuts, Margarine (palm oil, canola oil, water, concentrated lemon juice), Vegetable fat (palm kernel, coconut), Low fat cocoa powder, Skim milk powder, Yeast, Salt, Wheat gluten, Whey, Sodium stearoyl-2-lactylate, DATEM, Baking soda, Mono- and di-glycerides, Sunflower lecithin, Sodium acid pyrophosphate, Guar gum, Ascorbic Acid, Amylase, Xylanase, Transglutaminase, Cellulase. Strawberry donut: Enriched wheat flour, Water, Sugars (sugar, glucose syrup, dextrose, lactose), Palm oil, Strawberry puree, Margarine (palm oil, canola oil, water, concentrated lemon juice), Vegetable fat (palm kernel, coconut), Modified corn starch, Yeast, Cocoa butter, Salt, Skim milk powder, Flavours, Anthocyanins, Wheat gluten, Citric acid, DATEM, Sodium stearoyl-2-lactylate, Potassium sorbate, Baking soda, Mono- and di-glycerides, Sodium acid pyrophosphate, Guar gum, Red beet concentrate, Sunflower lecithin, Whey, Ascorbic acid, Amylase, Xylanase, Transglutaminase, Cellulase. Contains: Milk, Wheat, Hazelnuts. May contain: Other tree nuts, Soy, Egg.","Egg, Soy, Treenuts, Milk, Gluten",,,200,11,5,21,1,10,3,0,150,100
4078,Mini Franks in Pastry,"Let the party begin with juicy pork frankfurters wrapped in golden pastry for the ultimate poppable snack. Perfectly sized for little hands and big gatherings alike, they’re a simple, kid-friendly favourite that promises to disappear as quickly as they’re served.",Appetizers,Meat & Poultry,N,N,N,N,279 g,279,9.99,Y,"Frankfurters (pork, water, sugars [brown sugar, sugar, corn syrup solids], modified corn starch, salt, spices, potassium lactate, sodium ascorbate, natural flavour, sodium diacetate, sodium nitrite, spice extracts, smoke), Enriched wheat flour, Water, Canola oil, Yeast, Sugar, Salt, Whole milk powder, Soy lecithin, Enzymes. Contains: Wheat, Milk, Soy.","Soy, Milk, Gluten",5 pieces (93 g),93,280,16,5,25,1,4,10,25,690,150
4240,Mini Pepperoni Pizzas,"This time, it's personal. Pizza, that is. Rather than fight for the last slice, enjoy a mini pizza just for yourself! We top a delicious par-baked crust with a rich tomato sauce and diced pepperoni for a quick and delicious way to satisfy your pizza cravings.",Prepared meals,Pizzas & Flatbreads,N,N,N,N,1.7 kg,1700,21.99,Y,"Crust: Enriched wheat flour, Water, Canola oil, Modified palm oil shortening, Yeast, Sugar, Salt, Whey powder, Baking powder. Toppings: Sauce (water, tomato paste, canola oil, sugar, salt, modified corn starch, spices and herbs, garlic powder, onion powder), Mozzarella cheese (partly skimmed milk, bacterial culture, salt, calcium chloride, microbial enzymes), Pizza topping (water, palm oil, modified milk ingredients, modified corn starch and/or potato starch, salt, sodium phosphate, citric acid, sodium citrate, potassium sorbate, beta-carotene), Pepperoni (pork, water, seasoning [enriched wheat flour, salt, spices, dextrose, skim milk powder, garlic powder, sodium nitrite, sodium erythorbate], rosemary extract), Powdered cellulose. Contains: Wheat, Soy, Milk.","Soy, Milk, Gluten",2 pizzas (212 g),212,480,14,5,70,4,11,19,10,900,350
523,Mini Quiche Florentine,"Class-up your brunch with a bite-size classic. This delicious combination of eggs, Swiss and parmesan cheeses and spinach, encased in a baked tart shell crust is sure to be the star of any spread.",Appetizers,Cheese & Vegetable,N,N,N,N,340 g,340,9.99,Y,"Filling: Milk ingredients, Liquid whole egg, Swiss cheese, Spinach, Parmesan cheese, Modified corn starch, Dehydrated onions, Salt, Corn starch, Chives, Spices. Pastry: Enriched wheat flour, Palm oil and soybean oil shortening, Water, Sugars (dextrose), Salt, Sulphites. Contains: Milk, Egg, Wheat, Sulphites.","Egg, Milk, Gluten, Sulfites",4 mini quiches (85 g),85,260,17,8,21,1,2,6,45,380,100
5017,Mini Raspberry Cheesecakes,"Mini decadent cheesecakes with a chocolate crumb base, raspberry cheesecake layer, finished with a white chocolate mousse rosette and a sprinkle of white chocolate curls.",Desserts,Cheesecake,N,N,N,N,300 g,300,12.99,Y,"Cream cheese (milk ingredients, salt, bacterial culture, carob bean gum), Chocolate baking crumbs (enriched wheat flour, sugars [brown sugar, invert sugar], vegetable oil shortening [canola oil, palm oil, modified palm oil], cocoa, caramel, flavour, baking soda), Sugar, Raspberry filling (raspberries, sugar, water, modified corn starch, carrageenan, citric acid, agar, flavour, sorbic acid, canola oil shortening, cochineal), Margarine (soybean oil, modified palm oil, canola oil, water, salt, modified milk ingredients, soy lecithin, monoglycerides, flavour, citric acid, vitamin A palmitate, Vitamin D3, beta-carotene), Cream (cream, milk, cellulose gel, carrageenan, cellulose gum), Liquid whole egg, Water, Enriched wheat flour, White chocolate curls (sugar, cocoa butter, whole milk powder, lactose, whey powder, sunflower lecithin, vanilla flavour), Sour cream (cream, milk, modified corn starch, guar gum, carrageenan, carob bean gum, sodium citrate, sodium phosphate, bacterial culture), White chocolate (sugar, cocoa butter, whole milk powder, skim milk powder, soy lecithin, vanilla extract), Flavour, Modified corn starch, Salt, Carmine. Contains: Wheat, Egg, Milk, Soy. May contain: Peanuts, Tree nuts.","Peanuts, Egg, Soy, Treenuts, Milk, Gluten",2 mini cakes (100 g),100,330,16,8,42,1,28,4,45,230,125
4891,Mini Silicone Basting Brush,"Keep your chicken, steaks and pork moist and full of flavour by using the mini basting brush. This small brush is perfect for adding any of delicious sauces to your steaks, chicken and so much more! Food safe, heat resistant silicone up to 500°F / 260°C. Safe for nonstick surfaces. Dishwasher safe.",Kitchen essentials,Impulse General Merchandise,N,N,N,N,,,2.99,Y,,,,,,,,,,,,,,
4893,Mini Silicone Tongs,"Tongs are one of the most useful tools in the kitchen. The mini tongs are ideal for picking up and releasing food easily. Food safe, heat resistant silicone up to 500°F / 260°C. Safe for nonstick surfaces. Dishwasher safe.",Kitchen essentials,Impulse General Merchandise,N,N,N,N,,,2.99,Y,,,,,,,,,,,,,,
4895,Mini Silicone Whisk,"The mini whisk is the perfect tool for mixing. Ideal for mixing sauces, marinades, gravies and more. Food safe, heat resistant silicone up to 500°F / 260°C. Safe for nonstick surfaces. Dishwasher safe.",Kitchen essentials,Impulse General Merchandise,N,N,N,N,,,2.99,Y,,,,,,,,,,,,,,
492,Mini Vegetable Spring Rolls,"This beloved golden appetizer is even better in bite-size. Freshly prepared spring roll wrappers are stuffed with traditional vegetables, water chestnuts, and locally grown cabbage from Quebec. Fully cooked and hand-rolled, just heat and serve for the perfect snacketizer.",Appetizers,Rolls,N,Y,N,N,384 g,384,9.99,Y,"Filling (cabbage, carrots, green beans, water chestnuts, peas, corn, onions, modified corn starch, salt, sugar, sesame oil, spices), Wrapper (water, enriched wheat flour, liquid whole egg), Canola oil. Contains: Egg, Wheat, Sesame. May contain: Soy.","Sesame seeds, Egg, Soy, Gluten",4 pieces (96 g),96,210,10,0.5,26,3,2,4,0,270,150
4366,Montreal Smoked Meat,"Perfectly seasoned, fully cooked and sliced Montreal smoked meat.",Butcher,Beef Dishes,N,N,N,N,400 g,400,17.99,Y,"Beef, Water, Salt, Flavour (soy), Spices, Modified vinegar, Sodium phosphate, Sugars (brown sugar), Sodium bicarbonate, Sodium erythorbate, Caramel, Garlic, Sodium nitrite, Smoke. Contains: Soy. May contain: Wheat.","Soy, Gluten",Per about 2 slices (55 g),55,60,3,1,1,1,0,8,25,470,200
517,Mozzarella Sticks,"Filled with Canadian mozzarella cheese and coated with a crispy breading, these gooey goodies are the ultimate cheesy treat. Serve with your favourite M&M dipping sauce for the perfect pairing.",Appetizers,Cheese & Vegetable,N,N,N,N,454 g,454,12.99,Y,"Mozzarella cheese (milk, modified milk ingredients, bacterial culture, salt, calcium chloride, microbial enzyme), Breading (batter [water, corn flour, enriched wheat flour, modified corn starch, romano cheese {milk, bacterial culture, salt, rennet and/or pepsin and/or microbial enzyme, lipase, cellulose, sorbic acid, may contain calcium chloride}, sugar, modified palm oil, salt, baking powder, spices, modified milk ingredients, wheat gluten, garlic powder, onion powder, citric acid], canola oil, toasted wheat crumbs). Contains: Milk, Wheat. May Contain: Soy.","Soy, Milk, Gluten",3 sticks (75 g),75,220,12,6,17,2,1,11,30,420,75
4027,Mushroom Medley,"Our exclusive recipe of button, oyster and Nameko mushroom blend, lightly seasoned with extra virgin olive oil, garlic and sea salt. Frozen at the peak of freshness.",Vegetables,Seasoned Vegetables,N,Y,Y,N,300 g,300,9.99,Y,"Button Mushrooms, Nameko Mushrooms, Oyster Mushrooms, Water, Extra Virgin Olive Oil, Garlic, Sugar, Sea Salt, Potato Flakes, Corn Flour, Rice Starch, Parsley, Sunflower Seed Oil. May Contain: Wheat, Barley, Oats, Spelt, Soy.","Soy, Gluten",Per 1 cup (100g),100,60,3,0.4,4,1,2,3,0,150,300
4058,Mushroom Risotto,"Mouth-watering risotto without the stirring? Yes, please! We slow-simmer button and porcini mushrooms and arborio rice in an ultra-tasty broth — with a splash of white wine — until perfectly al dente.",Sides,Rice,N,Y,N,N,454 g,454,8.99,Y,"Parboiled Ribe Rice (Ribe Rice, Water, Salt), Button Mushrooms, Water, Porcini Mushrooms, Sunflower Oil, Onions, White Wine, Extra Virgin Olive Oil, Wheat Flour (Soy), Wheat Starch, Sea Salt, Flavours, Garlic, Parsley, Spices.","Soy, Gluten",2 cups (454 g),454,550,14,1.5,96,3,2,10,0,1390,350
682,Nanaimo Bars,"Who makes the best version of this Canadian delight? Ask anyone and our name invariably comes up as an answer. Once you taste these chocolaty-topped, custard-filled treats on a coconutty graham crumb and cocoa base, you’ll understand why.",Desserts,Bars & Squares,N,Y,N,N,850 g,850,19.99,Y,"Icing sugar, Margarine (modified palm oil, modified palm kernel oil, canola oil), Graham cracker crumbs (enriched wheat flour, sugar, graham flour, canola oil, black strap molasses, wheat bran, honey, sodium bicarbonate, salt, ammonium bicarbonate), Chocolaty coating (sugar, modified palm kernel oil and/or modified palm oil, cocoa powder, coconut oil, skim milk powder, soy lecithin, natural flavour), Sweetened coconut (coconut, icing sugar, water, propylene glycol), Cocoa powder, Corn starch, Water, Natural flavour, Salt, Annatto. Contains: Milk, Wheat, Soy. May Contain: Egg, Peanuts, Tree nuts, Sulphites.","Peanuts, Egg, Soy, Treenuts, Milk, Gluten, Sulfites",1 bar (53 g),53,270,16,9,30,2,23,1,0,130,150
4465,Nanaimo Bites,"Our unique twist on classic Nanaimo with cream cheese and chopped pecans, enrobed with dark chocolate and topped with toasted coconut flakes. *Trademark of Celiac Canada. Used under license.",Desserts,Bite Sized,N,Y,N,Y,300 g,300,14.99,Y,"Cream Cheese (Pasteurized Milk And Cream, Cheese Culture, Salt, Carob Bean Gum), Sugar, Dark Chocolate Wafer (Sugar, Palm Kernel Oil, Cocoa Powder, Soy Lecithin, Flavour, Whole Milk Powder, Salt), Liquid Whole Egg, Sour Cream (Cream, Skim Milk, Microbial Enzyme), Pecans, Palm Oil Shortening, Modified Tapioca Starch, Coconut Cream Flavour (Glycerin, Invert Sugar, Propylene Glycol, Flavour), Skim Milk, Coconut Flakes (Coconut, Sugar, Dextrose, Corn Starch, Salt), Modified Corn Starch, Vanilla Flavour, Soybean Oil, Soy Lecithin.","Egg, Soy, Treenuts, Milk",3 pieces (60 g),60,220,15,8,17,1,13,4,45,130,
4268,North Atlantic Salmon,"Hand trimmed, skinless, deboned salmon fillet, raised in Canada. *Meets M&M Food Market<sup>TM</sup> sustainability guidelines.",Seafood,Fish Fillets,N,N,N,N,142 g,142,9.99,Y,Salmon. Contains: Salmon.,Fish,1 portion (142 g),142,290,19,4.5,0,0,0,29,80,85,500
109,Oktoberfest®† Sausages,"Bring Oktoberfest flavour home year-round! Fully cooked for your convenience, these are made with pure pork and have the official peppery taste of Oktoberfest sausages.",Butcher,Sausages,N,N,N,N,900 g,900,19.99,Y,"Pork, Water, Modified milk ingredients, Salt, Spices, Sodium erythorbate, Sodium nitrite, Spice extracts, Enriched wheat flour, Wheat gluten. Contains: Milk, Wheat.","Milk, Gluten",1 sausage (113 g),113,360,32,11,2,0,2,15,70,1070,300
4509,Onion Rings,We take freshly sliced Spanish onions and coat them in a delightfully crispy batter that is made in fresh batches daily. Enjoy them as a hearty snack or alongside your favorite burger.,Sides,Onion Rings,N,Y,N,N,454 g,454,5.99,Y,"Onions, Water, Toasted wheat crumbs with spice extracts, Vegetable oil (soybean oil and/or canola oil), Enriched wheat flour, Yellow corn flour, Salt, Sugars (sugar, dextrose), Defatted soy flour, Baking powder. Contains: Wheat, Soy.","Soy, Gluten",about 8 rings (88 g),88,180,7,0.5,25,1,2,3,0,500,100
830,Original BBQ Sauce,Classic sweet and tangy barbecue sauce made from vine-ripened tomatoes with molasses and spices.,Pantry essentials,Sauces,N,Y,N,N,425 mL,,6.99,Y,"Sugars (Sugar, Fancy Molasses, Tamarind), Water, Tomato Paste, White Vinegar, Modified Corn Starch, Malt Vinegar, Salt, Seasoning, Spices, Soy Sauce (Water, Soybeans, Wheat, Salt), Paprika Extract, Dehydrated Onions, Dehydrated Garlic, Xanthan Gum, Turmeric Extract, Flavour. Contains: Barley, Mustard, Soy, Wheat.","Soy, Gluten, Mustard",2 tbsp (30 mL),,70,0,0,18,0,16,0,0,210,75
272,Original Breaded Chicken Breasts,"Our classic chicken breast portions are fully cooked and extremely tender. Seasoned and coated in our exclusive original breading, find your favourite prep style by trying them on the BBQ, in the pan, or air fryer.",Butcher,Breaded Chicken,N,N,N,N,907 g,907,19.99,Y,"Chicken (chicken, water, salt, sodium phosphate), Breading (soybean oil, toasted wheat crumbs with spice extracts, water, enriched wheat flour, corn flour, corn starch, salt, spices, garlic powder, sugars [dextrose], guar gum). Contains: Wheat.",Gluten,1 breast (113 g),113,160,6,1,15,3,0,12,25,610,200
4453,Panko Shrimp,"Bringing you the best of the sea and the best of gluten-free, our Panko Shrimp checks all the boxes for a delicious evening in. Sustainably sourced Pacific white shrimp gets a delicate panko coating for an irresistibly crisp bite. We’ve even included spicy chili and lemon aioli sauces for dipping. *Trademark of Celiac Canada. Used under license. * Meets M&M Food Market sustainability guidelines.",Appetizers,Shrimp & Seafood,N,N,N,Y,454 g,454,17.99,Y,"Panko Shrimp (Shrimp [Shrimp, Salt, Sodium Phosphate], Rice Flour, Water, Modified Corn Starch, Corn Starch, Canola Oil, Yellow Corn Flour, Rice Starch, Sugars [Sugar, Dextrose], Ancient Grain Flour Blend [Whole Amaranth, Whole Quinoa], Salt, Pea Protein Isolate, Garlic Powder, Baking Powder, Sea Salt, Toasted Onion Powder, Granulated Roasted Garlic, Modified Cellulose, Caramel, Spice Extractives, Yeast, Flavour, Guar Gum). Spicy Chili Sauce (Sugar, Water, Chili Peppers, Soybean Oil, Garlic Blend [Water, Dried Garlic, Canola Oil, Citric Acid], Vinegar, Salt, Frozen Egg Yolk, Modified Corn Starch, Modified Milk Ingredients, Dried Garlic, Crushed Chili Peppers, Dried Red Bell Peppers, Canola Oil, Onion Powder, Spices, Soy Lecithin, Spice Extracts, Xanthan Gum, Guar Gum, Sodium Alginate, Acetic Acid, Citric Acid, Polysorbate 60, Disodium Edta, Sodium Benzoate, Potassium Sorbate). Lemon Aioli Sauce (Water, Soybean Oil, Sugars [Sugar, Glucose], Modified Corn Starch, Garlic Blend [Water, Dried Garlic, Canola Oil, Citric Acid], Vinegar, Concentrated Lemon Juice, Salt, Milk Ingredients, Modified Milk Ingredients, Garlic Powder, Onion Powder, Herbs, Flavour, Polysorbate 60, Soy Lecithin, Xanthan Gum, Guar Gum, Sodium Alginate, Sodium Benzoate, Potassium Sorbate, Disodium Edta). Contains: Shrimp, Egg, Milk, Soy.","Egg, Soy, Shellfish, Milk",,,150,2,0.5,24,0,1,9,60,440,75
5007,Peaches & Cream Corn,"Sweet and tender whole kernel, grade A peaches & cream Corn. Frozen at the peak of freshness.",Vegetables,Classic Vegetables,N,N,N,N,500 g,500,4.99,Y,,,2/3 cup (85 g),85,70,1,0.3,13,3,3,2,0,5,175
4076,Penne Pasta Salad,"Penne with tomatoes, bell peppers, red onions and broccoli, seasoned with wine vinaigrette.",Sides,Pasta,N,Y,Y,N,400 g,400,9.99,Y,"Precooked Penne Pasta (Water, Durum Wheat Semolina, Salt), Red Onions, Red And Yellow Bell Peppers, Semi-Dry Cherry Tomatoes, Broccoli, Water, Extra Virgin Olive Oil, Garlic, Wine Vinegar, Chilli Peppers, Basil, Potato Flakes, Corn Flour, Sea Salt, Rice Starch, Concentrated Grape Must, Oregano, Parsley, Sunflower Seed Oil. May Contain: Barley, Oats, Spelt, Soy.","Soy, Gluten",Per 1 1/4 cup (133g),133,260,7,1,41,3,5,9,0,410,350
4695,Pepperoni Pizza Rolls,"Satisfy your cravings with a crispy wrapper filled to the brim with Canadian mozzarella cheese and diced pepperoni. Made with freshly prepared batter for that irresistible crunch, these microwaveable rolls are an instant crowd-pleaser.",Appetizers,Rolls,N,N,N,N,460 g,460,9.99,Y,"Wrapper: Water, Enriched wheat flour, Canola oil, Liquid whole egg, Salt, Sugars (dextrose). Filling: Tomatoes, Water, Part skim mozzarella cheese, Pepperoni, Modified corn starch, Canola oil, Sugar, Salt, Spices, Modified cellulose, Cellulose, Garlic powder. Contains: Wheat, Egg, Milk. May contain: Mustard, Sesame, Soy.","Sesame seeds, Egg, Soy, Milk, Gluten, Mustard",3 rolls (173 g),173,370,15,4,48,3,5,11,25,580,350
45,Philly Beef Steak,"We take tender, whole muscle sirloin steak and thinly slice it into succulent portions so that you can experience the mouth-watering flavour of this irresistible shaved beef in all your favourite dishes. Whether you serve it in the classic way, on a fresh roll with provolone and suateed onions or as an indulgent pizza topping, this sirloin will steal the show.",Butcher,Steaks,N,N,N,N,336 g,336,17.99,Y,,,1 1/2 portions (125 g),125,240,16,7,1,0,0,24,70,55,400
4368,Pink Salmon in Applewood and Maple Sauce,"Hand cut, Pacific pink salmon fillet in a smoky and sweet applewood and maple sauce. * Meets M&M Food Market sustainability guidelines.",Seafood,Marinated & Glazed Fish,N,N,N,N,142 g,142,6.99,Y,"Pink salmon (pink salmon, sodium phosphate), Water, Sugars (sugar, corn maltodextrin, brown sugar, potato maltodextrin), Modified corn starch, Dehydrated onions, Spices, Salt, Silicon dioxide, Dehydrated garlic, Flavour, Dehydrated red bell peppers, Soy sauce powder (wheat, soybeans, salt), Yeast extract, Calcium silicate, Dehydrated parsley, Xanthan gum, Citric acid, Smoke flavour. Contains: Salmon, Soy, Wheat.","Fish, Soy, Gluten",1 fillet (142 g),142,110,1,0.2,5,1,1,21,40,340,300
4369,Pink Salmon in Dill Sauce,"Hand-cut, Pacific pink salmon fillet in a creamy seasoned dill sauce. * Meets M&M Food Market sustainability guidelines.",Seafood,Marinated & Glazed Fish,N,N,N,N,142 g,142,6.99,Y,"Pink salmon (pink salmon, sodium phosphate), Water, Modified milk ingredients, Sugars (corn maltodextrin, sugar), Modified corn starch, Whole milk powder, Salt, Onion powder, Canola oil and/or Sunflower oil, Garlic powder, Silicon dioxide, Spices, Yeast extract, Xanthan gum, Flavour (annatto, turmeric), Spice extracts, Turmeric, Paprika. Contains: Salmon, Milk.","Fish, Milk",1 fillet (142 g),142,90,1,0.4,1,0,1,20,40,370,350
4367,Pink Salmon in Herb and Garlic Sauce,"Hand-cut, Pacific pink salmon fillet in a savoury roasted garlic and herb sauce. * Meets M&M Food Market sustainability guidelines.",Seafood,Marinated & Glazed Fish,N,N,N,N,142 g,142,6.99,Y,"Pink salmon (pink salmon, sodium phosphate), Water, Modified milk ingredients, Sugars (corn maltodextrin, sugar), Modified corn starch, Salt, Granulated roasted garlic, Canola oil and/or Sunflower oil, Yeast extract, Silicon dioxide, Spices, Xanthan gum, Dehydrated parsley, Dehydrated red bell peppers, Flavour (annatto, turmeric), Spice extracts. Contains: Salmon, Milk.","Fish, Milk",1 fillet (142 g),142,110,1,0.3,2,0,1,21,40,390,350
777,Plum Dipping Sauce,A zesty plum sauce with hints of lemon and garlic.,Pantry essentials,Sauces,N,Y,N,N,350 mL,,5.99,Y,"Sugars (sugar, plum purée, fancy molasses), Water, Pumpkin purée, Modified corn starch, Tomato paste, White vinegar, Concentrated lemon juice, Garlic, Salt, Dehydrated garlic, Citric acid.",,2 tbsp (30 mL),,70,0,0,17,0,14,0,0,35,20
5021,Popcorn Chicken,"Fully cooked, bite-sized chicken breast cutlettes in a golden crispy breading.",Appetizers,Meat & Poultry,N,N,N,N,680 g,680,9.99,Y,"Chicken, Breading (toasted wheat crumbs with spice extracts, water, yellow corn flour, vegetable oil, corn starch, enriched wheat flour, soy protein, salt, sugars [dextrose], guar gum), Water, Soy protein, Salt, Onion powder, Garlic powder, Spice extracts. Contains: Soy, Wheat. May contain: Egg.","Egg, Soy, Gluten",about 7 pieces (60 g),60,130,5,1,12,0,0,8,10,290,125
319,Popcorn Shrimp,"Add a satisfying pop of crunch with this quick and easy go-to snack or party favourite. Crunchy, golden fried shrimp make an easy appetizer your guests will love. Serve these addictive morsels with your favourite dipping sauce. Just pop 'em in your mouth, they are perfect anytime. Kids and adults both love them because they are light, crunchy on the outside, but moist on the inside. * Meets M&M Food Market sustainability guidelines.",Appetizers,Shrimp & Seafood,N,N,N,N,300 g,300,13.99,Y,"Shrimp (Shrimp, Sodium Phosphate, Salt), Wheat Flour, Sunflower and or Soybean Oil, Water, Rice Flour, Modified Tapioca Starch, Salt, Sugar, Tapioca Starch, Wheat Gluten, Yeast. Contains: Shrimp, Wheat. May Contain: Sulphites.","Shellfish, Gluten, Sulfites",about 12 pieces (85 g),85,220,12,1.5,18,1,0,10,65,220,50
5076,Pork Chashu Ramen,"Inspired by traditional Japanese flavours, our Pork Chashu Ramen features tender braised pork, sweet corn and green onions atop wheat noodles in a rich, soy sauce infused shoyu broth. Made with quality ingredients for an authentic ramen experience in the comfort of your home.",Single serve,Classic Entrées,Y,N,N,N,417 g,417,9.99,Y,"Shoyu chicken broth Change to: (water, soy sauce, chicken stock concentrate, mirin, cabbage powder, kombu extract powder, shiitake mushrooms, kombu, brown sugar, mirepoix powder, ginger powder, salt), Ramen noodles (enriched wheat flour, water, salt, potassium carbonate, sodium carbonate), Seasoned sliced pork (pork, soy sauce, ginger, garlic, sugar, kombu, salt, spices, orange peel, black sesame seeds, sea lettuce, hemp seeds), Sweet corn, Green onions, Garlic-and-Shallot oil (soybean oil, garlic, shallots). Contain: Sesame, soy, Wheat. May contain: Egg, Milk, Mustard, Sulphites.","Sesame seeds, Egg, Soy, Milk, Gluten, Sulfites, Mustard",1 pouch (417 g),417,360,12,3.5,46,3,3,18,20,1610,800
5041,Pork Osso Buco,"Inspired by the beloved, traditional Italian dish, this Pork Osso Buco offers a delicious spin on a time-honoured favourite. Each shank is sous-vide for over seven hours to achieve fork-tender perfection. Rich, hearty, and restaurant-quality, it’s a comforting classic made easy at home- no knife required.",Butcher,Pork Dishes,N,N,N,N,600 g,600,12.99,Y,"Seasoned pork (pork, water, salt, spices), Sauce (onions, water, crushed tomatoes, celery, carrots, canola oil, herbs, garlic, modified corn starch, sugar, salt, spices, xanthan gum).",,1/2 piece with sauce (150 g),150,180,9,2.5,3,2,1,22,70,480,400
4132,Pork Pot Roast,"Made with pork shoulder, the most flavourful and marbled cut, slowly cooked for a minimum of five hours, in our signature homestyle gravy with herbs and spices.",Butcher,Roasts,N,N,N,N,907 g,907,21.99,Y,"Pork, Water, Modified corn starch, Sugars (dextrose), Potassium chloride, Yeast extract, Sea salt, Caramel, Spices and spice extracts, Onion powder, Garlic powder, Natural flavour, Xanthan gum, Milk ingredients, Canola oil. Contains: Milk.",Milk,1/6 pouch (140 g),140,200,10,2.5,1,0,1,26,70,630,400
4363,Pork Schnitzel,"Our signature German style schnitzel recipe of perfectly seasoned, thinly sliced pork loin cutlets coated in a golden crispy crust.",Butcher,Pork Dishes,N,N,N,N,650 g,650,14.99,Y,"Pork, Water, Enriched wheat flour, Canola oil, Modified corn starch, Yellow corn flour, Liquid whole egg, Rice starch, Soy protein concentrate, Salt, Garlic powder, Onion powder, Spices, Baking powder, Modified palm oil, Defatted soy flour, Sugars (dextrose), Yeast extract, Spice extract, Yeast, Natural flavour, Guar gum, Dehydrated parsley. Contains: Wheat, Egg, Soy.","Egg, Soy, Gluten",1 piece (125 g),125,320,19,2.5,20,1,5,17,45,480,300
4600,Portuguese Style Custard Tarts,"Indulge in traditional comfort with our “Pastel de Nata” tarts. Flaky, buttery pastry crust cradles a lusciously creamy vanilla custard filling that is undeniably delicious. The trademark of these tarts lies in their traditional caramelized finish, a testament to the craftsmanship and dedication poured into every creation.",Desserts,Pies & Pastries,N,N,N,N,450 g,450,9.99,Y,"Liquid sugar, Partly skimmed milk, Enriched wheat flour, Palm, modified palm and soybean oil shortening, Water, Liquid yolk, Liquid whole egg, Corn starch, Salt, Flavour, Amylase, Amyloglucosidase, Protease, Xylanase. Contains: Milk, Wheat, Egg.","Egg, Milk, Gluten",1 tart (75 g),75,210,8,3.5,31,1,18,3,40,180,50
313,Potato Crusted Cod,"Our premium North Atlantic cod fillets topped with a gourmet blend of potato, toasted wheat crumbs and savoury seasonings. * Meets M&M Food Market sustainability guidelines.",Seafood,Breaded & Battered Fish,N,N,N,N,620 g,620,32.99,Y,"Atlantic cod, Water, Canola oil, Modified corn starch, Toasted wheat crumbs, Potatoes, Corn flour, Seasonings (disodium inosinate, disodium guanylate, yeast extract, chives, garlic, onions, torula yeast, spices), Enriched wheat flour, Salt, Sodium phosphate, Flavours, Cheddar cheese, Sugars (dextrose), Corn starch, Guar gum, Modified cellulose. Contains: Cod, Wheat, Milk. May contain: Tree nuts.","Fish, Treenuts, Milk, Gluten",1 fillet (160 g),160,180,6,0.5,8,0,2,24,70,550,450
654,Pralines and Cream Cheesecake Bites,"Perfectly portioned bites of praline and cream cheesecake are laden with dark chocolatey coating and sprinkled with mini dark chocolate chips. Whether you’re snacking solo or sharing, these balls of bliss hit the sweet spot.",Desserts,Bite Sized,N,Y,N,N,300 g,300,14.99,Y,"Cream cheese (milk ingredients, cheese culture, salt, carob bean gum and/or guar gum and/or xanthan gum), Chocolate flavoured coating (sugar, chocolate liquor, cocoa butter, chocolate liquor processed with alkali, palm kernel oil, palm oil, cocoa processed with alkali, milk ingredients, sorbitan monostearate, soy lecithin, salt, vanilla extract), Sugar, Liquid whole egg, Caramel (sweetened condensed skim milk [milk ingredients, sugar], sugar, water, corn syrup, milk ingredients, palm oil, sodium alginate, cellulose, salt, monoglycerides, carboxymethyl cellulose, sodium phosphate, potassium sorbate, soy lecithin, sodium bicarbonate), Sour cream(cream, bacterial culture, microbial enzymes),, Palm oil shortening, Pecans, Chocolate chips (sugar, unsweetened chocolate, cocoa butter, dextrose, soy lecithin, milk ingredients), Modified corn starch, Milk ingredients, Cocoa butter, Vanilla extract, Soybean oil, Soy lecithin. Contains: Egg, Milk, Soy, Tree nuts. May contain: Other tree nuts.","Egg, Soy, Treenuts, Milk",Per 3 pieces (60 g),60,240,15,10,24,1,19,3,35,105,
5085,Pre-Cut Parchment Sheets,"Reynolds Kitchens® Pre-Cut Parchment Sheets – unbleached, compostable, and convenient.",Kitchen essentials,Household Consumables,N,N,N,N,,,8.99,Y,,,,,,,,,,,,,,
5047,Prime Rib Beef Burger,"Bring some gourmet to your grill with our 100% Prime Rib Beef burgers. Beautifully balanced with subtle seasoning and ready to grill from frozen, these burgers are the perfect way to serve a delicious meal that all appetites will adore without spending hours in the kitchen. *Trademark of Celiac Canada. Used under license.",Butcher,Burgers,N,N,N,Y,852 g,852,19.99,Y,"Beef, Water, Seasoning (natural flavour, salt, spices, spice extract, canola oil).",,1 burger (142 g),142,360,28,13,3,0,0,24,85,480,350
4398,Pub Party Pack,"Our signature collection of puff pastry bites filled with traditional pub favourites : 8 - Chicken and Applewood Smoked Bacon, 8 - Spicy Pepperoni Pizza, 8 - Mexican Chili, 8 - Buffalo Chicken.",Appetizers,Party Packs,N,N,N,N,576 g,576,17.99,Y,"Chicken and applewood smoked bacon: Pastry: Enriched wheat flour,Palm oil and modified palm oil and canola oil shortening, Water, Liquid whole egg, Parmesan cheese (milk, salt, bacterial culture, calcium chloride, microbial enzyme, cellulose), Toasted wheat crumbs, Salt, Yeast, Spices. Filling: Cream cheese (milk, cream, skim milk, salt, guar gum, xanthan gum, locust bean gum, bacterial culture), Cooked chicken, Tomatoes, Onions, Liquid whole egg, Cream (milk, cream, sodium citrate, sodium phosphate, carrageenan), Applewood smoked bacon (pork, water, salt, sugar, sodium phosphate, sodium erythorbate, sodium nitrite), Water, Vinegar, Canola oil, Modified corn starch, Garlic, Dijon mustard (water, mustard seed, vinegar, salt), Salt, Corn starch, Modified cellulose, Garlic powder, Onion powder, Herbs, Spices. Spicy pepperoni pizza: Pastry: Enriched wheat flour, Palm oil and modified palm oil and canola oil shortening, Water, Liquid whole egg, Parmesan cheese (milk, salt, bacterial culture, calcium chloride, microbial enzyme, cellulose), Toasted wheat crumbs, Salt, Yeast, Spices. Filling: Crushed tomatoes, Mozzarella cheese (milk and/or partly skimmed milk, ultrafiltered milk, bacterial culture, salt, calcium chloride, microbial enzyme), Water, Pepperoni (pork, salt, dextrose, spices, sodium nitrite, smoked sugar, sodium erythorbate, lactic starter culture), Modified corn starch, Corn starch, Sunflower lecithin, Modified cellulose, Sugar, Salt, Spices, Onion powder, Garlic powder. Mexican chili: Pastry: Enriched wheat flour, Palm oil and modified palm oil and canola oil shortening, Water, Liquid whole egg, Salt, Yeast. Filling: Tomatoes (diced tomatoes, tomato juice, citric acid, calcium chloride), Red kidney beans (dark red kidney beans, water, salt, calcium chloride, disodium EDTA), Cooked beef crumble (beef, water, salt, sodium phosphate, flavour), Water, Cheddar cheese (milk, skim milk, salt, bacterial culture, calcium chloride, microbial enzyme, annatto), Onions, Tomato paste, Seasoning, Red jalapeño peppers, Modified corn starch, Canola oil, Flavour (contains salt), Sugar, Garlic, Salt, Modified cellulose, Spices. Buffalo chicken: Pastry: Enriched wheat flour, Palm oil and modified palm oil and canola oil shortening, Water, Liquid whole egg, Salt, Yeast. Filling: Reconstituted milk (water, milk powder), Cooked chicken, Cream cheese (milk, cream, skim milk, salt, guar gum, xanthan gum, locust bean gum, bacterial culture), Cayenne pepper puree (cayenne pepper, salt, vinegar), Vinegar, Cheddar cheese (milk, skim milk, salt, bacterial culture, calcium chloride, microbial enzyme, annatto), Sour cream (milk, cream, modified milk ingredient, bacterial culture, microbial enzyme), Corn starch, Modified corn starch, Canola oil, Modified cellulose, Salt, Spices.","Egg, Milk, Gluten, Mustard",,,320,23,10,22,4,2,6,25,280,100
5000,Puff Pastry Quartet,"Our selection of cheese filled puff pastry bites with savoury fillings: Roasted Red Pepper, Spinach & Feta, Onion & Swiss Cheese, Mushroom & Cheese.<br><br>This product is temporarily available under two product numbers. If there is no stock available at the store you have selected, see <a href=""/en/products/puff-pastry-quartet"">Puff Pastry Quartet</a>.",,,N,N,N,N,576 g,576,17.99,Y,"Pastry: Enriched wheat flour, Palm oil, Modified palm oil and Canola oil, Water, Liquid whole egg, Salt, Yeast. Roasted red pepper filling: Cream cheese (milk, cream, skim milk, salt, guar gum, xanthan gum, locust bean gum, bacterial culture), Roasted red bell peppers, Red bell peppers, Onions, Parmesan cheese (milk, bacterial culture, salt, calcium chloride, microbial enzyme, cellulose), Water, Tomato paste, Roasted red bell pepper concentrate (roasted red bell peppers, sugar, potato flour, salt, dried red bell peppers, flavour, corn oil), Garlic, Modified corn starch, Concentrated lemon juice, Salt, Toasted wheat crumbs, Corn starch, Vinegar, Modified cellulose, Spices. Spinach & feta filling: Spinach, Feta cheese (milk, modified milk ingredients, salt, calcium chloride, microbial enzyme, lactic acid, bacterial culture, cellulose), Liquid whole egg, Cream cheese (milk, cream, skim milk, salt, guar gum, xanthan gum, locust bean gum, bacterial culture), Onions, Water, Canola oil, Ricotta cheese (whey, milk, bacterial culture, salt, citric acid), Dehydrated onions, Parsley, Toasted wheat crumbs, Modified corn starch, Salt, Corn starch, Granulated garlic, Modified cellulose, Spices. Onion & Swiss cheese filling and topping: Cream cheese (milk, cream, skim milk, salt, guar gum, xanthan gum, locust bean gum, bacterial culture), Fried onions (onions, vegetable oils), Liquid whole egg, Swiss cheese (milk ingredients, salt, bacterial culture, microbial enzyme, calcium chloride), Parmesan cheese (milk, bacterial culture, salt, calcium chloride, microbial enzyme, cellulose), Sugars (brown sugar), Balsamic vinegar (wine vinegar, concentrated grape must, caramel colour, sulphites), Modified corn starch, Flavour, Yeast extract, Salt, Corn starch, Herbs, Granulated garlic, Dehydrated Modified cellulose. Mushroom & cheese filling and topping: Cremini mushrooms, Cream cheese (milk, cream, skim milk, salt, guar gum, xanthan gum, locust bean gum, bacterial culture), Onions, Ricotta cheese (whey, milk, bacterial culture, salt, citric acid), Toasted wheat crumbs, Liquid whole egg. Parmesan cheese (milk, bacterial culture, salt, calcium chloride, microbial enzyme, cellulose), Sherry style cooking wine (wine, salt, sulphites), Dehydrated onions, Mushroom base (cooked mushrooms, potato flour, dried whey, yeast extract, unsalted butter, flavour, salt, onion powder), Herbs, Modified corn starch, Salt, Granulated garlic, Corn starch, Spices. Contains: Wheat, Egg, Milk, Sulphites.","Egg, Milk, Gluten, Sulfites",,,290,20,10,22,2,2,6,20,300,100
4270,Pull-apart Potato Buns,"Enjoy the most delicious, soft, airy buns imaginable! Scored to simplify pull-apart sharing and fully baked to a golden finish, you can’t go wrong having these irresistible buns on hand.",Bakery,Bread,N,N,N,N,350 g,350,5.99,Y,"Enriched wheat flour, Water, Potato flakes (potatoes, mono- and diglycerides, sodium acid pyrophosphate, citric acid), Sugar, Yeast, Canola oil, Salt, Wheat gluten, Diacetyl tartaric acid esters of mono- and diglycerides, Calcium carbonate, Soybean oil, Ascorbic acid, Amylase, Xylanase. Contains: Wheat. May contain: Egg, Milk, Soy, Sulphites, Barley, Rye, Oats","Egg, Soy, Milk, Gluten, Sulfites",Per 1 bun (39 g),39,100,1,0,19,1,2,4,0,190,75
103,Pulled Pork,Fully cooked shredded pork in a traditional Southern chipotle barbecue sauce.,Butcher,Pork Dishes,N,N,N,N,680 g,680,17.99,Y,"Pork, Chipotle barbecue sauce (brown sugar, water, tomato paste, vinegar, chipotle pepper sauce [tomato puree, chipotle peppers, sugar, onions, vinegar, salt, canola oil, paprika, spices, garlic], modified corn starch, salt, spices, garlic powder, dehydrated onions, potassium sorbate, sodium benzoate, flavour).",,1/5 of pouch (140 g),140,180,4,1.5,11,0,12,25,65,460,550
533,Quiche Florentine,"If you like quiche, you’ll love these individual portions. Made with Swiss cheese and spinach, they are perfect for solo eating.",Single serve,Quiche,Y,Y,N,N,170 g,170,5.99,Y,"Filling: Reconstituted milk (water, whole milk powder), Liquid whole egg, Cream (milk, cream, sodium citrate, sodium phosphate, carrageenan), Swiss cheese, Spinach, Modified cornstarch, Dehydrated onions, Corn starch, Salt, Chives, Spices. Pastry: Enriched wheat flour, Modified palm oil and canola oil shortening, Water, Canola oil, Yeast, Salt, Sugars (dextrose), Microbial enzymes. Contains: Milk, Egg, Wheat.","Egg, Milk, Gluten",1 quiche (170 g),170,430,26,11,35,1,5,13,185,490,250
4201,Red Chili Flakes Grinder,Do not refrigerate. Best consumed within 7 to 10 days.,Pantry essentials,Spice Mix,N,N,N,N,60 g,60,9.99,Y,,,Per ¼ tsp (0.5 g),0.5,0,0,0,0,0,0,0,0,0,10
5039,Mini Red Velvet Cheesecakes,"Each bite layers moist, cocoa-kissed red velvet cake with silky cheesecake, crowned by a delicate mascarpone rosette and a sprinkle of red velvet crumbs for a final, irresistible flourish. Individually portioned and effortlessly exquisite, these desserts are the perfect finale for entertaining with grace and ease.",Desserts,Cheesecake,N,N,N,N,300 g,300,12.99,Y,"Cream cheese (milk ingredients, salt, bacterial culture, carob bean gum), Sugars (sugar, icing sugar), Red velvet cake mix (sugar, enriched wheat flour, wheat starch, modified corn starch, cocoa powder, sodium bicarbonate, salt, sodium acid pyrophosphate, vegetable oil, monocalcium phosphate), Water, Liquid whole egg, Cream (cream, milk, cellulose gel, carrageenan, cellulose gum), Canola oil, Sour cream (cream, milk, skim milk powder, modified corn starch, guar gum, carrageenan, carob bean gum, sodium citrate, sodium phosphate, bacterial culture), Enriched wheat flour, Mascarpone cheese (pasteurized milk, cream, skim milk powder, fructose, citric acid, salt, potassium sorbate, tapioca starch, calcium chloride, flavour, guar gum, monoglycerides, xanthan gum), Vegetable fibre (pea fibre, potato fibre, potato dextrin, psyllium fibre, bamboo fibre, flaxseed fibre), Modified corn starch, Flavour, Cochineal, Xanthan gum. Contains: Milk, Wheat, Egg. May contain: Soy, Peanuts, Tree nuts.","Peanuts, Egg, Soy, Treenuts, Milk, Gluten",2 mini cakes (100 g),100,330,18,10,38,1,27,5,85,250,75
4697,M&M Branded Reusable Bag,,Kitchen essentials,Bags / Boxes,N,N,N,N,,,2.00,Y,,,,,,,,,,,,,,
763,Reusable Collapsible Cooler Box,,Kitchen essentials,Bags / Boxes,N,N,N,N,,,14.99,Y,,,,,,,,,,,,,,
311,Salmon Wellington,"This showstopper dish is ready for special occasions. Skinless, boneless Atlantic salmon is topped with a creamy dill sauce, then wrapped in flaky, golden puff pastry. Our fish is sustainably sourced, so you can feel good about that, too. Sold individually. * Meets M&M Food Market sustainability guidelines.",Seafood,Breaded & Battered Fish,N,N,N,N,150 g,150,12.99,Y,"Puff Pastry (Wheat Flour, Water, Salt, Butter [Milk]), Atlantic Salmon (Atlantic Salmon, White Wine, Mustard [Water, Dijon Mustard Seeds, Vinegar, Salt, Sulphites, Citric Acid], Onion Powder, Salt), Dill Béchamel Sauce (Milk, White Wine, Water, Onion Powder, Modified Corn Starch, Dill, Wheat Flour, Butter, Canola Oil, Lemon Juice [Water, Concentrated Lemon Juice, Sulphites, Lemon Oil], Salt, Lemon Pepper [Salt, Black Pepper, Sugar, Citric Acid, Lemon Juice, Glucose, Dextrose, Onion Powder, Dehydrated Garlic, Canola Oil, Lemon Peel, Turmeric, Flavour], Yeast Extract, Spices, Xanthan Gum) Liquid Whole Egg.","Fish, Egg, Milk, Gluten, Sulfites, Mustard",1 fillet (150 g),150,380,23,11,30,1,3,14,80,550,250
4393,Salt & Pepper Chicken Wings,"Fully cooked, seasoned chicken wing drumettes and winglets, glazed in a salt and pepper recipe.",Appetizers,Wings & Chunks,N,N,N,N,680 g,680,12.99,Y,"Chicken wings (drumettes and winglets), Water, Modified corn starch, Vegetable oil, Flavour (soy protein), Sea salt, Spices, Salt, Sodium phosphate, Sugars (dextrose, maltodextrin, dextrin), Potato starch, Guar gum, Carrageenan, Potassium chloride. Contains: Soy.",Soy,about 4 wings (100 g),100,160,9,2.5,1,0,2,18,90,560,225
5044,Salted Caramel Portuguese Style Custard Tarts,"A golden, flaky pastry shell cradles silky custard kissed with luscious, salted caramel. This decadent twist on the classic Pastel de Nata delivers warm, toasty sweetness with a hint of salt—comforting, indulgent, and oven-ready in just 15 minutes.",Desserts,Pies & Pastries,N,N,N,N,450 g,450,9.99,Y,"Liquid sugar, Enriched wheat flour, Water, Partly skimmed milk, Palm oil and modified palm oil and soybean oil shortening, Dulce de leche (sugars [sugar, corn syrup], milk ingredients, water, canola oil, sodium alginate, salt, cellulose gel, carboxymethyl cellulose, mono-glycerides, graham’s salt, potassium sorbate, soy lecithin, baking soda), Liquid yolk, Liquid whole egg, Corn starch, Salt, Natural flavour, Amylase, Amyloglucosidase, Protease, Xylanase, Sunflower oil. Contains: Wheat, Egg, Milk, Soy. May contain: Tree nuts.","Egg, Soy, Treenuts, Milk, Gluten",1 tart (75 g),75,230,9,4,33,0,20,3,35,250,75
5025,Salton Digital Air Fryer XL - 5L/Qt,Using Rapid Air technology prepare delicious fry food using minimal oil. 80% less fat than traditional fryers. Easy to use controls – Set the temperature (between 150° and 400° F) and timer (between 0 and 90 minutes) and get ready to fry! Digital Display – Easy to read and use. Fast and Powerful – thanks to rapid air frying technology and 1400 watts you can cook quickly and efficiently. Non-stick drawer and removable rack – Drawer has an extra large 5 L capacity and removable rack. The rack is dishwasher safe for easy cleaning.,Kitchen essentials,Small Appliance,N,N,N,N,,,109.99,Y,,,,,,,,,,,,,,
4174,Sausage Rolls,Our signature recipe of savoury Canadian pork sausage enrobed in a flaky puff pastry.,Appetizers,Meat & Poultry,N,N,N,N,500 g,500,11.99,Y,"Pastry: Enriched wheat flour, Water, Shortening (palm oil, modified palm oil, soybean oil), Margarine (palm oil, canola oil, modified palm oil), Salt. Filling: Ground pork, Water, Toasted wheat crumbs, Seasoning (salt, spices, sugar, flavour, yeast extract, onion powder, citric acid). Glaze: Water, Casein, Disodium phosphate, Soy lecithin, Carrageenan, Spices. Contains: Wheat, Milk, Soy.","Soy, Milk, Gluten",Per 4 pieces (76 g),76,240,16,7,18,1,2,7,15,220,100
4860,Sea Salt Grinder,A sleek clear glass Sea Salt Grinder containing sea salt crystals.,Pantry essentials,Spice Mix,N,Y,N,N,215 g,215,6.99,Y,,,1/8 tsp (1g),1,0,0,0,0,0,0,0,0,390,0
4312,Seasoned Breaded Cod,"Our sustainably sourced cod is hand-cut from whole fillets, then coated in a gluten-free breading seasoned with hints of black pepper. Serve with Long Grain White Rice and some steamed or roasted veggies for a super-tasty, easy-peasy meal. *Trademark of Celiac Canada. Used under license. * Meets M&M Food Market sustainability guidelines.",Seafood,Breaded & Battered Fish,N,N,N,Y,,,17.99,Y,"Cod, Rice Flour, Water, Canola Oil, Toasted Rice Crumbs, Corn Flour, Potato Flour, Salt, Modified Corn Starch, Spices, Baking Powder, Onion Powder, Garlic Powder, Spices, Spice Extracts. Contains: Cod.",Fish,1 portion (100 g),100,150,6,0.5,12,0,0,11,25,300,175
4378,Seasoned Potato Wedges,"Our perfectly seasoned, thick cut potato wedges, ready for the air fryer or oven for a crisp finish.",Sides,Fries & Wedges,N,N,N,N,600 g,600,5.99,Y,"Potatoes, Sunflower oil, Rice flour, Modified potato starch, Corn flour, Corn starch, Salt, Spices, Garlic powder, Onion powder, Flavours, Sodium acid pyrophosphate, Baking soda, Xanthan gum, Paprika extract.",,8 pieces (85 g),85,120,3,0.5,22,2,0,1,0,160,400
4028,Seasoned Sweet Peas,"Vibrant green peas are frozen right at peak freshness so you can enjoy them anytime. Lightly seasoned with extra-virgin olive oil, garlic and sea salt, they’re a breeze to cook up — just steam right in the bag they came in.",Vegetables,Seasoned Vegetables,N,Y,Y,N,300 g,300,4.99,Y,"Green Peas, Water, Extra-Virgin Olive Oil, Garlic, Sea Salt, Rice Starch, Potato Flakes, Corn Flour, Parsley, Sunflower Seed Oil. May Contain: Wheat, Barley, Oats, Spelt.",Gluten,Per 3/4 cup (100g),100,130,5,0.5,15,5,5,5,0,90,250
566,Sesame Chicken Noodles,"Our exclusive recipe of lo-mein noodles with cooked seasoned chicken breast, red bell peppers, sugar snap peas, carrots, peas and bok choy cabbage in a sesame-ginger sauce.",Single serve,Classic Entrées,Y,N,N,N,300 g,300,4.99,Y,"Cooked noodles (wheat flour, water, beta carotene), Cooked seasoned chicken (chicken breast fillets, water, modified corn starch, sodium phosphate, salt), Water, Red bell peppers, Sugar snap peas, Carrots, Peas, Bok choy, Soy sauce (water, soybeans, wheat, salt, alcohol, vinegar, lactic acid), Sugar, Onions, Sesame seeds, Modified corn starch, Canola oil, Sesame oil, Chicken flavour, Ginger puree (ginger, water), Garlic, Onion powder. Contains: Wheat, Soy, Sesame. May contain: Egg.","Sesame seeds, Egg, Soy, Gluten",1 tray (300 g),300,300,7,1,38,4,9,22,35,510,350
4361,Sesame Japchae Noodles,"Our signature recipe of Korean style sweet potato glass noodles with shiitake mushrooms, red bell peppers, carrots, spinach and eggs in a sesame soy sauce. *Trademark of Celiac Canada. Used under license.",Single serve,Classic Entrées,Y,N,N,Y,300 g,300,4.99,Y,"Cooked sweet potato noodles, Water, Shiitake mushrooms, Red bell peppers, Carrots, Spinach, Onions, Pre-cooked scrambled eggs (liquid whole egg, skim milk, soybean oil, modified corn starch, salt, xanthan gum, spice extracts, citric acid), Sugars (brown sugar), Tamari soy sauce (water, soybeans, salt, alcohol), Modified corn starch, Green onions, Sesame oil, Sesame seeds, Garlic puree (garlic, water), Canola oil, Shiitake mushroom powder, Seasoning, Spices. Contains: Egg, Milk, Soy, Sesame.","Sesame seeds, Egg, Soy, Milk",1 bowl (300 g),300,310,8,1.5,56,3,15,4,35,570,300
565,Shanghai Style Beef Noodles,"Our exclusive recipe of egg noodles with cooked beef rib meat, broccoli, carrots and red and green bell peppers in an Asian style sweet and sour sauce.",Single serve,Classic Entrées,Y,N,N,N,275 g,275,4.99,Y,"Cooked egg noodles (water, egg noodles [durum wheat semolina, dried whole egg]), Cooked beef rib meat, Water, Sugars (brown sugar), Soy sauce (water, soybeans, wheat, salt, alcohol, vinegar, lactic acid), Broccoli, Carrots, Red bell peppers, Green bell peppers, White vinegar, Garlic in oil (garlic, soybean oil, water, citric acid), Chicken broth, Modified corn starch, Canola oil, Onions, Spices. Contains: Egg, Wheat, Soy.","Egg, Soy, Gluten",1 tray (275 g),275,340,8,2.5,43,2,14,24,60,570,350
4377,Shoestring Fries,"Our thin cut potato fries, ready for the air fryer or oven for a crisp finish.",Sides,Fries & Wedges,N,N,N,N,600 g,600,5.99,Y,"Potatoes, Palm oil, Modified potato starch, Rice flour, Tapioca starch, Salt, Sodium acid pyrophosphate, Baking soda, Xanthan gum.",,16 pieces (85 g),85,130,3,2,23,2,0,2,0,160,350
5036,Shrimp Fettuccine Alfredo Kit,"Our signature kit of fettuccine noodles, creamy Alfredo and spinach sauce with tender Pacific white shrimp. *Meets M&M Food MarketTM sustainability guidelines.",Prepared meals,Meal Kits,N,N,N,N,907 g,907,19.99,Y,"Sauce (cream [milk, cream, sodium citrate, sodium phosphate, carrageenan, locust bean gum], milk, water, canola oil, modified corn starch,parmesan cheese, romano cheese, butter, spinach, salt, spices, garlic powder), Pasta (durum wheat semolina pasta, water, canola oil), Shrimp (shrimp, salt, sodium tripolyphosphate). Contains: Wheat, Milk, Shrimp.","Shellfish, Milk, Gluten",1/3 of package (300 g),300,410,17,9,47,3,3,18,95,720,250
4468,Shrimp & Scallop Pasta,"Plump shrimp and scallops are the stars of this seafood pasta meal. We added radiatore pasta to hold the creamy Alfredo sauce, then we tossed in red bell peppers and broccoli florets. Ready in minutes from the microwave. * Meets M&M Food Market sustainability guidelines.",Single serve,Classic Entrées,Y,N,N,N,300 g,300,4.99,Y,"Cooked pasta (water, durum wheat semolina), Water, Red bell peppers, Broccoli, Cooked shrimp, Scallops, Cheddar cheese (unpasteurized milk, bacterial culture, salt, calcium chloride, microbial enzyme), Parmesan cheese (milk, bacterial culture, salt, lipase, calcium chloride, microbial enzyme), Cream, Skim milk powder, Modified corn starch, Onions, Garlic, Chicken stock, Enriched wheat flour, Canola oil, Salt, Dehydrated garlic, Sugar, Dehydrated onion, Xanthan gum, Spices. Contains: Milk, Wheat, Shrimp, Scallops. May Contain: Fish.","Fish, Shellfish, Milk, Gluten",1 tray (300 g),300,260,6,3.5,32,3,4,19,40,540,300
4384,Garlic Shrimp,"Jumbo butterflied shrimp in half shells, marinated in garlic and herbs. Used under license. *Meets M&M Food Market<sup>TM</sup> sustainability guidelines.",Seafood,Shellfish,N,N,N,N,340 g,340,14.99,Y,"Shrimp (shrimp, salt), Soybean oil, Water, Sugars (dextrose, maltodextrin), Garlic powder, Onion powder, Salt, Yeast extract, Herbs, Flavour, Spices. Contains : Shrimp.","Fish, Shellfish",Per 5 shrimp (125 g),125,150,5,1,7,1,3,20,160,780,250
370,Shrimp Platter,"Our premium quality Pacific white shrimp are cooked in shell for optimal flavour. They're peeled, deveined and tails have been left on. Sauce is included. * Meets M&M Food Market sustainability guidelines.",Appetizers,Shrimp & Seafood,N,N,N,N,624 g,624,24.99,Y,"Cooked shrimp: Pacific white shrimp, Salt, Sodium triphosphate. Cocktail sauce: Water, Tomato paste, Sugar, Prepared horseradish (horseradish, salt, vinegar), Salt, Citric acid, Modified tapioca starch, Acetic acid, Xanthan gum, Carrageenan, Spices, Shallots, Garlic. Contains: Shrimp.",Shellfish,about 12 shrimp (84 g) and 2 tbsp sauce (34 g),84,90,0,0.3,8,0,8,13,130,710,150
371,Shrimp Ring,"A tasty shrimp ring makes any spread a special occasion. These premium-quality Pacific white shrimp meet our exacting sustainability standards, and come peeled, deveined and tail-on with tangy cocktail sauce for easy dipping. * Meets M&M Food Market sustainability guidelines.",Appetizers,Shrimp & Seafood,N,N,N,N,454 g,454,19.99,Y,"Cooked shrimp: Pacific white shrimp, Salt, Sodium triphosphate. Cocktail sauce: Water, Tomato paste, Sugar, Prepared horseradish (horseradish, salt, vinegar), Salt, Citric acid, Modified tapioca starch, Acetic acid, Xanthan gum, Carrageenan, Spices, Shallots, Garlic. Contains: Shrimp.",Shellfish,about 12 shrimp (84 g) and 2 tbsp sauce (34 g),84,90,0,0.3,8,0,8,13,130,710,150
4544,Shrimp Tempura,"Sustainably sourced and farm raised, these jumbo Pacific white shrimp are deveined, hand-dipped in tempura batter, and par fried for that irresistible crispiness. Soy Wasabi style dipping sauce is included to complete the authentic tempura experience.* Meets M&M Food Market sustainability guidelines.",Appetizers,Shrimp & Seafood,N,N,N,N,340 g,340,12.99,Y,"Tempura shrimp: Shrimp, Water, Soybean oil, Enriched wheat flour, Modified tapioca starch, Corn starch, Rice flour, Sodium phosphate, Corn flour, Salt, Sodium bicarbonate. Sauce: Water, Sugar, Soy sauce (water, soybeans, wheat, salt), Modified tapioca starch, Vinegar, Natural flavour (contains mustard), Garlic powder, Salt, Yeast extract, Caramel, Spices, Xanthan gum. Contains: Shrimp, Wheat, Soy, Mustard.","Soy, Shellfish, Gluten, Mustard",about 2 shrimp (38 g),38,110,7,1,9,0,0,3,15,140,
4212,Sirloin Beef Burgers,"Expand your barbecue horizons and experience the quality of our 100% Sirloin Beef Burgers. Ready to grill from frozen, we’ve taken the time to prep and season these patties to perfection so that all you need to do is grill and serve! *Trademark of Celiac Canada. Used under license.",Butcher,Burgers,N,N,N,Y,852 g,852,19.99,Y,"Beef, Water, Salt, Onion powder, Spices and Spice extracts, Garlic powder.",,1 burger (142 g),142,440,39,18,2,0,0,20,95,490,300
15,Sirloin Beef Meatballs,"Fully cooked and well seasoned, these delectable fine-quality sirloin meatballs are welcome at any party. They’re also right at home on a bun with sauce in a DIY meatball sub. And they’re gluten-free, too! *Trademark of Celiac Canada. Used under license.",Appetizers,Meatballs,N,N,N,Y,907 g,907,19.99,Y,"Beef, Water, Soy protein (soy protein, caramel), Sea salt, Spices and spice extracts, Onion powder, Salt, Garlic powder, Soy lecithin, Tricalcium Phosphate (anti-caking), Polysorbate 80 (emulsifier). Contains: Soy.",Soy,4 meatballs (60 g),60,160,12,5,1,1,0,11,35,260,200
5024,Steakhouse Style Sirloin Tri Tip,Two beef bottom sirloin tri tip steaks lightly seasoned with salt and black pepper. 20% meat protein.,Butcher,Steaks,N,N,N,Y,400 g,400,24.99,Y,"Beef, Water, Salt, Black pepper, Sea salt, Flavour.",,about 2/3 steak (125 g),125,170,8,3.5,0,0,0,25,65,300,450
37,Slow Cooked Beef Pot Roast,"This Chuck pot roast is very tender, thanks to up to 10 hours of slow cooking! It’s aged for 21 days, so the long braising time gives the roast a deep, beefy flavour.",Butcher,Roasts,N,N,N,N,907 g,907,22.99,Y,"Beef, Water, Sugars (dextrose, sugar, corn maltodextrin), Salt, Modified corn starch, Hydrolyzed corn, soy and wheat protein, Caramel, Spices and spice extracts, Natural flavour, Onion powder, Garlic powder, Xanthan gum, Dehydrated parsley, Modified milk ingredients, Canola oil, Silicon dioxide, Potassium sorbate. Contains: Soy, Wheat, Milk.","Soy, Milk, Gluten",1/6 of pouch (140 g),140,240,16,7,2,0,2,22,75,590,350
5022,SmashHouse Angus Beef Burgers,"100% Angus beef, with seasoning added, already smashed into a thin burger. Perfect for stacking.",Butcher,Burgers,N,N,N,N,907 g,907,19.99,Y,"Angus beef, Water, Toasted wheat crumbs, Textured soy flour, Salt, ural Natural flavour, Onions, Garlic, Black pepper extract, Rosemary extract. Contains: Wheat, Soy.","Soy, Gluten",1 burger (113 g),113,280,21,9,6,0,1,16,60,490,300
4581,Smoked Tuna Sushi Bites,"Our signature easy to prepare tuna sushi bites kit containing: 10 – Smoked & Seared Yellowfin Tuna Tataki Slices, 10 – Crispy Short Grain White Rice Squares, 1 – Spicy Mayo-style Sauce Pouch. * Meets M&M Food Market sustainability guidelines.",Appetizers,Shrimp & Seafood,N,N,N,N,375 g,375,12.99,Y,"Crispy short grain white rice squares: Water, Short grain white rice, Rice wine vinegar (water, ethyl alcohol, acetic acid), Sugar, Soybean oil, Sesame seeds, Corn starch, Salt. Smoked & seared yellowfin tuna tataki slices: Tuna, Salt, Olive oil, Sugar, Smoke. Spicy mayo-style sauce: Water, Canola oil, Sugars (sugar, maltodextrin), Frozen yolk, Chili peppers, Salt, Modified corn starch, Vinegar, Lemon juice, Modified milk ingredients, Mustard, Garlic powder, Tara gum, Xanthan gum, Acetic acid, Lactic acid, Soy lecithin, Potassium sorbate, Sodium benzoate, Calcium disodium EDTA. Contains: Tuna, Sesame, Egg, Milk, Soy, Mustard.","Sesame seeds, Fish, Egg, Soy, Milk, Mustard",5 rice squares and 5 tuna tataki with sauce (188 g),188,420,17,2,49,3,6,17,40,1000,300
4254,Southwest Style Bavette Steaks,"Seasoned and tenderized beef bavette bottom sirloin flap steak – seasoned with garlic, black pepper and spices. These tenderized juicy steaks are seasoned with Tex-Mex style spices and ready for the grill! They’re perfect for any fiesta: simply slice them against the grain to enjoy this zesty, ultra tender cut. Ole!",Butcher,Steaks,N,N,N,N,340 g,340,22.99,Y,"Beef, Water, Salt, Sugars (glucose solids), Hydrolyzed soy and corn protein, Spices, Dehydrated garlic, Herbs, Flavour, Papain. Contains: Soy.",Soy,about 2/3 steak (125 g),125,170,10,4.5,0,0,0,21,60,440,350
595,Spaghetti Bolognese,"This Italian inspired dish combines spaghetti noodles with a beautifully rich and smooth Bolognese sauce made with ripe tomatoes, ground beef and pork and a perfect blend of spices.",Single serve,Classic Entrées,Y,N,N,N,300 g,300,4.99,Y,"Water, Cooked pasta (water, durum wheat semolina), Crushed tomatoes, Pork, Beef, Diced tomatoes (tomatoes, tomato juice, citric acid, calcium chloride), Celery, Carrots, Modified corn starch, Sugar, Salt, Onion powder, Dehydrated garlic, Natural beef flavour (roasted beef including beef juices, salt, flavour, potato flour, caramel, corn oil, paprika), Spices. Contains: Wheat.",Gluten,1 tray (300 g),300,290,8,3.5,40,5,8,15,25,620,600
422,Spanakopita,"These crispy, golden phyllo triangles are stuffed to the brim with the good stuff: tender spinach, creamy ricotta and tangy feta. This classic app is a welcome guest at any gathering.",Appetizers,Cheese & Vegetable,N,N,N,N,340 g,340,9.99,Y,"Filling: Spinach, Feta, ricotta and parmesan cheeses (milk, modified milk ingredients, bacterial culture, salt, calcium chloride, citric acid, microbial enzymes, lactic acid, cellulose), Onions, Liquid whole egg, Canola oil, Modified corn starch, Parsley, Salt, Spices. Phyllo pastry: Enriched wheat flour, Water, Canola oil, Corn starch, Modified palm oil and canola oil margarine, Sugars (dextrose), Tricalcium phosphate, Salt, Wheat gluten, Yeast, Natural Flavour.Contains: Milk, Egg, Soy, Wheat.","Egg, Soy, Milk, Gluten",3 pieces (85 g),85,180,8,2.5,21,2,2,5,15,320,125
273,Spicy Breaded Chicken Breasts,"Our classic chicken breast portions are fully cooked and extremely tender. Seasoned and coated in our exclusive spicy breading, find your favourite prep style by trying them on the BBQ, in the pan, or air fryer.",Butcher,Breaded Chicken,N,N,N,N,907 g,907,19.99,Y,"Chicken (chicken, water, salt, sodium phosphate), Breading (toasted wheat crumbs with spice extracts, enriched wheat flour, water, modified corn starch, corn flour, salt, spices, baking powder, modified palm oil, defatted soy flour, spice extracts, guar gum, soybean oil). Contains: Wheat, Soy.","Soy, Gluten",about 1 breast (100 g),100,190,9,1.5,14,1,0,13,30,580,200
4073,Spicy Sesame Chicken & Rice,Cooked seasoned chicken breast in a sweet and savoury gochujang sauce with traditional Asian vegetables and rice. *Trademark of Celiac Canada. Used under license.,Prepared meals,International Entrées,N,N,N,Y,907 g,907,14.99,Y,"Cooked rice, Cooked seasoned chicken (chicken breast fillets, water, modified corn starch, sodium phosphate, salt), Water, Carrots, Bok choy, Red bell peppers, Brown sugar, Tamari soy sauce (water, soybeans, salt, alcohol), Cooking rice wine (water, koji rice, salt), Green onions, Onions, Garlic puree (garlic, water), Modified corn starch, Red pepper paste (water, tapioca syrup, brown rice, red pepper powder, salt, brown rice flour, alcohol, garlic, onions), Sesame seeds, Ginger puree (ginger, water), Sesame oil, Canola oil, Shiitake mushroom powder, Spice extracts, Caramel, Crushed chilies. Contains: Soy, Sesame.","Sesame seeds, Soy",1/3 of tray (300 g),300,320,4,0.5,51,2,13,19,40,570,450
4451,Artichoke Mac & Cheese Bites,"These little bites get invited to all the parties. Why? Because their finely chopped spinach and artichokes, tender macaroni and gooey mozzarella are creamy, zesty and all wrapped up in a crispy crust. Get two boxes — trust us.",Appetizers,Cheese & Vegetable,N,N,N,N,280 g,280,12.99,Y,"Breading (toasted wheat crumbs, enriched wheat flour, modified corn starch, baking powder, sugars [sugar, dextrose], wheat starch, vegetable oils [modified palm oil, sunflower oil], salt, soy protein isolate, sodium caseinate, methylcellulose, annatto extracts, spice extracts), Water, Cream cheese (milk ingredients, bacterial culture, salt, carob bean gum), Enriched macaroni (durum wheat semolina, niacin, ferrous sulphate, thiamin mononitrate, riboflavin, folic acid), Artichoke hearts, Spinach, Pizza mozzarella cheese (modified milk ingredients, bacterial culture, salt, calcium chloride, microbial enzyme), Onions, Canola oil and/or Modified canola oil, Parmesan cheese (pasteurized milk, salt, calcium chloride, bacterial culture, lipase, microbial enzyme, cellulose, natamycin), Modified corn starch and/or Modified tapioca starch, Garlic puree (garlic, soybean oil, water, citric acid, potassium sorbate), Sugar, Lemon juice from concentrate (water, concentrated lemon juice, sodium benzoate, sulphites, lemon oil), Salt. Contains: Wheat, Milk, Soy. May contain: Mustard.","Soy, Milk, Gluten, Mustard",4 pieces (80 g),80,230,12,4,25,1,3,5,15,400,100
4184,Spinach and Red Pepper Egg White Omelette Bites,"Fluffy two-bite egg white omelettes with sweet red bell peppers, spinach, onions and cheddar cheese.",Single serve,Quiche,Y,N,N,N,227 g,227,7.99,Y,"Egg white, Light cheddar cheese (milk, salt, calcium chloride, bacterial culture, microbial enzyme, cellulose), Water, Coloured cheddar cheese (milk, salt, bacterial culture, microbial enzyme, annatto colour, cellulose), Red peppers, Spinach, Onions, Modified corn starch, Milk ingredients, Vegetable oil, Modified milk ingredients, Salt, Xanthan gum, Natural flavours. Contains: Egg, Milk, Soy.","Egg, Soy, Milk",2 omelette bites (114 g),114,150,8,4,6,1,2,14,20,460,175
793,"Spinach, Artichoke & Cheese Dip","A creamy blend of spinach and artichokes, topped with a delectable layer of Swiss and Parmesan cheeses.",Appetizers,Cheese & Vegetable,N,Y,N,N,250 g,250,6.99,Y,"Vegetables (spinach, artichokes [artichokes, water, salt, citric acid], onions), Water, Cream (cream, guar gum, locust bean gum, carrageenan), Swiss and parmesan cheese blend (milk, partly skimmed milk, salt, bacterial culture, microbial enzyme, calcium chloride, cellulose), Sour cream (milk, cream, skim milk powder, bacterial culture, microbial enzyme), Enriched wheat flour, Lemon juice from concentrate (water, concentrated lemon juice), Sunflower oil, Corn starch, Salt, Garlic, Sugar, Spices, Vinegar, Cayenne pepper. Contains: Milk, Wheat.","Milk, Gluten",2 tbsp (30 g),30,45,3,1.5,2,0,1,2,5,120,30
4937,Stasher Sandwich Bag,,Kitchen essentials,Household Consumables,N,N,N,N,,,14.99,Y,,,,,,,,,,,,,,
620,Strawberry Cheesecake,"Starting with a graham cookie crust, our genuine New York cheesecake is made in New York! This traditional cheesecake is rich and creamy and topped with whole, lightly glazed strawberries - Serve with ice cream or whipped cream for a truly legen-dairy dessert.",Desserts,Cheesecake,N,Y,N,N,600 g,600,14.99,Y,"Cream cheese (milk ingredients, cheese culture, salt, carob bean gum and/or guar gum and/or xanthan gum), Strawberries, Graham cookie crust (enriched wheat flour, sugar, soybean oil, palm oil, graham flour, corn syrup, molasses, cinnamon, salt), Sugars (sugar, corn syrup), Liquid whole egg, Sour cream (cream, bacterial culture,microbial enzyme), Palm oil shortening, Modified corn starch, Water, Citric acid, Propylene glycol alginate, Salt, Vanilla extract, Xanthan gum, Flavor, Soybean oil, Soy lecithin. Contains: Milk, Egg, Wheat, Soy. May contain: Tree nuts.","Egg, Soy, Treenuts, Milk, Gluten",1/5 cheesecake (120 g),120,330,18,9,37,1,24,5,45,270,100
738,Strawberry Burst Fruit Bars,Limited time only! A refreshing treat made with 40% real strawberry pieces.,Desserts,Ice Cream & Novelties,N,Y,N,N,534 mL,,9.99,Y,"Strawberries, Water, Liquid Sugar, Guar Gum, Carob Bean Gum, Carrageenan, Citric Acid.",,1 bar (89 mL),,90,0,0,22,0,19,0,0,0,50
262,Stuffed Pasta Shells,"Large, tender pasta shells — made from 100% Canadian durum semolina flour – are stuffed with ricotta, mozzarella, romano and asiago cheeses, chicken breast pieces and spinach, then smothered in a rustic tomato-pepper sauce and showered with even more mozzarella and romano cheese.",Prepared meals,Pasta Dishes,N,N,N,N,1.02 kg,1020,17.99,Y,"Water, Cooked pasta shells (water, durum wheat semolina), Ricotta, mozzarella, romano and asiago cheeses (modified milk ingredients, bacterial culture, salt, microbial enzyme and/or rennet, citric acid, calcium chloride, lipase), Cooked seasoned chicken (chicken breast, water, salt, sodium phosphate), Diced tomatoes (tomatoes, tomato juice, citric acid, calcium chloride), Liquid egg white, Tomato paste, Crushed tomatoes, Spinach, Onions, Garlic base (garlic, canola oil, water, citric acid), Modified corn starch, Textured soy protein, Red bell peppers, Green bell peppers, Sugar, Salt, Canola oil, Natural flavour, Spices, Dried garlic, Dried onions. Contains: Milk, Egg, Wheat, Soy.","Egg, Soy, Milk, Gluten",2 shells (255 g),255,250,8,4,25,5,2,20,35,750,550
514,Stuffed Potato Skins,"Craving a dressed-up side? Crispy potato skins team up with bacon, mozzarella and cheddar to create a truly authentic roadhouse experience.",Appetizers,Cheese & Vegetable,N,N,N,N,390 g,390,12.99,Y,"Potatoes, Soybean Oil Shortening, Part Skim Mozzarella Cheese (Partly Skimmed Milk, Bacterial Culture, Salt, Microbial Enzyme), Cheddar Cheese (Milk, Salt, Bacterial Culture, Annatto, Microbial Enzymes), Bacon. Contains: Milk.",Milk,2 pieces (130 g),130,370,17,7,41,7,1,12,30,280,500
5057,Stuffed Potato Skins,"Enjoy the goodness of baked potatoes that have been scooped out and topped with shredded Mozzarella and Cheddar. Sprinkled with bacon for a perfect finish, they are sure to satisfy your savoury cravings.",Appetizers,Cheese & Vegetable,N,N,N,N,318 g,318,12.99,Y,"Potatoes (potatoes, sunflower oil), Part skim mozzarella cheese (partly skimmed milk, modified milk ingredients, salt, calcium chloride, bacterial culture, microbial enzyme), Cheddar cheese, (pasteurized milk, bacterial culture, salt, microbial enzyme, annatto), Bacon (pork, water, sodium phosphate, honey, sodium erythorbate, natural flavour, sodium nitrate, natural smoke flavour). Contains: Milk.",Milk,3 pieces (159 g),159,300,14,8,27,4,0,16,40,430,650
333,Stuffed Sweet 'n Spicy Shrimp,"We’re all in on this app. We hand-roll butterflied, sustainably caught, extra-large Pacific white shrimp around a dollop of sweet-spicy Thai chili sauce. Then we bread and fry these bites to the perfect golden, crispy texture. You just heat and eat. * Meets M&M Food Market sustainability guidelines.",Appetizers,Shrimp & Seafood,N,N,N,N,320 g,320,14.99,Y,"Shrimp (Shrimp, Sodium Phosphate, Salt), Wheat Flour, Sunflower Oil And/ or Soybean Oil, Water, Modified Tapioca Starch, Sugars (Sugar, Dextrose), Rice Flour, Salt, Corn Starch, Tapioca Starch, Spices, Malic Acid, Citric Acid, Xanthan Gum, Guar Gum, Paprika Extract, Yeast. Contains: Shrimp, Wheat. May Contain: Sulphites.","Shellfish, Gluten, Sulfites",about 3 pieces (94 g),94,220,10,1,23,1,4,10,50,320,75
4993,Supreme Homestyle Meat Loaf,"This is the traditional meat loaf that we all know and love —tender, juicy, full of flavour and topped with a rich, sweet tomato sauce. Serve it with mashed potatoes and green veggies for a plate of comfort food perfection.",Prepared meals,Meat Loaf & Meatballs,N,N,N,N,600 g,600,19.99,Y,"Meat loaf (beef, liquid whole egg, ketchup [tomato paste, liquid sugar, vinegar, salt, onion powder, spices, garlic], textured soy protein, water, onions, toasted wheat crumbs [enriched wheat flour, sodium bicarbonate], spice mix [flavour, salt, beef fat], celery, dehydrated onions, green bell peppers, garlic [garlic, citric acid], seasoning, salt), Sauce (ketchup [tomato paste, liquid sugar, vinegar, salt, onion powder, spices, garlic], brown sugar, chili sauce [tomato puree, vinegar, sugar, water, salt, dehydrated onions, tomato seeds, mustard seeds, spices, garlic powder]). Contains: Egg, Wheat, Soy, Mustard.","Egg, Soy, Gluten, Mustard",1/4 of tray (150 g),150,310,17,7,17,0,16,21,80,710,500
4556,Supreme Scalloped Potatoes,"Par-fried sliced potatoes get baked up with shredded cheddar cheese and a rich cream sauce. We do all the slicing and mixing for you, so you just have to heat and serve. Enjoy this family-size dish with your favourite roast or other hearty main.",Sides,Scalloped & Gratin,N,Y,N,N,2 lb / 907 g,907,16.99,Y,"Sauce (Cream [Milk, Cream], Modified Corn Starch, Salt, Spices [Mustard]), Potatoes (Potatoes, Canola Or Soybean Oil, Sodium Phosphate, Dextrose), Cheddar Cheese (Milk), Dehydrated Parsley.","Milk, Mustard",1/6 of tray (140 g),140,180,11,7,16,1,3,5,35,380,300
4557,Supreme Scalloped Potatoes,"Cozy-up to comfort with potatoes in shredded cheddar cheese and a velvety cream sauce. The slicing and prep are already done, so you only need to pop this dish in the oven. It’s the perfect side to your favourite roast or other hearty main.",Sides,Scalloped & Gratin,N,Y,N,N,227 g,227,5.99,Y,"Sauce (Cream [milk, cream], modified corn starch, salt, mustard), Potatoes, Cheddar cheese, Dehydrated parsley. Contains: Milk, Mustard.","Milk, Mustard",1 tray (227 g),227,310,19,12,26,2,5,8,60,610,500
4063,Supreme Stuffed Peppers,"We start with vibrant red and yellow bell peppers, chosen for sweetness and colour. Each pepper is then hand-filled with our excusive blend of beef, rice, and rich tomato sauce, topped with parmesan cheese for that comforting, oven-baked finish. This generous, homestyle recipe is easy to prepare, delicious to share, and a hearty centrepiece that looks as good as it tastes.",Prepared meals,Stuffed Cabbage & Peppers,N,N,N,N,907 g,907,17.99,Y,"Red and yellow bell peppers, Tomatoes (tomatoes, tomato juice, salt, citric acid, calcium chloride), Parboiled rice, Beef, Water, Parmesan cheese, Tomato paste, Onions, Modified corn starch, Celery, Canola oil, Carrots, Sea salt, Mozzarella cheese, Salt, Sugar, Extra virgin olive oil, Spices, Garlic, Parsley, Baking Powder. Contains: Milk.",Milk,1 pepper (227 g),227,140,4,1.5,19,3,4,7,20,400,350
744,Sweet and Sour Dipping Sauce,A tangy sauce with a hint of sweetness.,Pantry essentials,Sauces,N,Y,N,N,350 mL,,5.99,Y,"Water, Sugars (sugar, concentrated orange juice, concentrated blackcurrant juice), Tomato paste, Crushed pineapple (pineapple, pineapple juice, ascorbic acid, citric acid), Vinegar, Modified corn starch, Salt, Dehydrated onions, Citric acid, Dehydrated red bell peppers, Dehydrated green bell peppers, Spices, Dehydrated garlic, Beta-carotene, Paprika extract, Concentrated black carrot juice.",,2 tbsp (30 mL),,45,0,0,11,0,8,0,0,95,30
5018,Sweet & Sour Chicken,"Fully cooked, lightly battered seasoned chicken breast pieces with sweet & sour sauce on the side for dipping or tossing.",Butcher,Breaded Chicken,N,N,N,N,900 g,900,17.99,Y,"Seasoned battered chicken: Chicken breast, Marinade (water, salt, sugar, soy sauce powder [soybeans, wheat, salt], garlic powder, spices), Enriched wheat flour, Batter (water, enriched wheat flour, corn starch, tapioca starch, baking powder, corn flour, salt, sugar [dextrose]), Canola oil. Sauce: Water, Sugar, Vinegar, Modified corn starch, Tomato powder, Salt. Contains: Wheat, Soy. May contain: Milk, Egg.","Egg, Soy, Milk, Gluten",,,210,6,0.5,28,1,1,12,15,320,150
4262,Sweet Sriracha Chicken & Noodle Bowl,"Bringing the best of sweet & spicy, this convenient entrée features fully cooked, seasoned chicken breast and bright red and green bell peppers in a delightfully balanced sweetened sriracha sauce, all atop a luscious bed of lo mein noodles, ready to enjoy in only minutes!",Single serve,Classic Entrées,Y,N,N,N,300 g,300,4.99,Y,"Cooked Lo Mein Noodles (Enriched Wheat Flour, Water, Beta Carotene), Cooked Seasoned Chicken (Chicken Breast Fillets, Water, Modified Corn Starch, Sodium Phosphate, Salt), Water, Red Bell Peppers, Green Bell Peppers, Sugars (Brown Sugar, Honey), Sriracha Sauce (Red Jalapeño Peppers, Water, Sugar, Salt, Garlic, Distilled Vinegar, Xanthan Gum, Red Pepper Sauce [Distilled Vinegar, Red Peppers, Salt]), Soy Sauce (Water, Soybeans, Wheat, Salt, Alcohol, Vinegar, Lactic Acid), Rice Vinegar (Rice, Water), Garlic Puree (Garlic, Water), Canola Oil, Chicken Broth, Green Onions, Modified Corn Starch, Salt, Xanthan Gum, Crushed Chilies, Paprika Extract. Contains: Wheat, Soy. May Contain: Egg.","Egg, Soy, Gluten",Per 1 bowl (300 g),300,320,2,0.4,53,2,14,21,40,790,250
4154,Tartar Sauce,A creamy and zesty sauce with a fresh blend of cucumbers and onions. The perfect pairing for your favourite seafood.,Pantry essentials,Sauces,N,N,N,N,375 mL,,5.99,Y,"Water, Canola oil, Vinegar, Sugar, Prepared relish (cucumbers, sugar/glucose-fructose, water, vinegar, modified corn starch, salt, calcium chloride, potassium sorbate, xanthan gum, sodium benzoate, natural flavour), Onions, Frozen yolk, Salt, Modified corn starch, Xanthan gum, Mustard, Sodium benzoate, Spices (contains soybean oil), Garlic powder, Natural flavour, Calcium disodium EDTA. Contains: Egg, Mustard, Soy.","Egg, Soy, Mustard",Per 2 tbsp (30 mL),,100,9,0.5,4,0,3,0,10,290,10
4370,Fully Cooked Tasty BurgersTM†,"Savour the authentic BBQ flavour of these tender beef patties. Fully cooked and easily prepared from frozen in minutes, these burgers are conveniently packaged so that you can make as many or as few as you like at a time with minimal clean-up required.<br><br>This product is temporarily available under two product numbers. If there is no stock available at the store you have selected, see <a href=""/en/products/fully-cooked-tasty-burgers-16-pack"">Fully Cooked Tasty Burgers<sup>TM†</sup></a>.",Butcher,Burgers,N,N,N,N,1280 g,1280,32.99,Y,"Beef, Toasted wheat crumbs, Water, Salt, Yeast extract, Sugar, Onion powder, Spice extracts, Garlic powder. Contains: Wheat.",Gluten,1 burger (80 g),80,240,19,9,6,1,0,12,40,310,300
4379,Tater Bites,"Bite-sized, potato hashbrowns.",Sides,Fries & Wedges,N,N,N,N,600 g,600,5.99,Y,"Potatoes, Sunflower oil, Potato flakes, Potato starch, Salt, Methyl cellulose, Black pepper extract, Sugars (dextrose).",,9 pieces (85 g),85,160,6,0.5,24,2,0,2,0,440,400
5082,Teriyaki Style Bavette Steaks,"Ignite your grill with our Teriyaki Style Steaks – the ultimate steak cut! Conveniently packed in twos, each tender, well-marbled steak bursts with bold teriyaki style flavour and is perfect for fast, effortless grilling. Juicy, flavourful, and ready in minutes, it’s the steak that satisfies every time.",Butcher,Steaks,N,N,N,N,340 g,340,22.99,Y,"Beef, Water, Sugars (sugar, corn maltodextrin), Garlic powder, Hydrolyzed soy protein, Modified corn starch, Sodium tripolyphosphate, Soy sauce powder (wheat, soybeans, salt), Caramel, Onion powder, Spices, Silicon dioxide, Citric acid, Canola and/or Sunflower oil, Salt, Rosemary extract, Papain. Contains: Wheat, Soy.","Soy, Gluten",about 2/3 of steak (125 g),125,190,9,3.5,6,0,2,22,65,270,350
4651,Textured Shallow Bowls,"Timeless, White Porcelain design. 24 cm/9.5” diameter. Comes in 4 assorted external textures. Great for serving or as a plate. Hand wash recommended. 1 bowl.",Kitchen essentials,Serveware and Decor,N,N,N,N,,,11.99,Y,,,,,,,,,,,,,,
4094,Thai Party Pack,"Made by hand and sourced from Thailand, our selection of crispy shrimp appetizers burst forth with a variety of authentic flavours, perfectly complimented by the orange ginger sauce we included just for you. 6 – Sesame-soy Shrimp Samosas. 6 - Shrimp & Veggie Purses. 6 – Spicy Kung Pao Shrimp Rolls. 6 - Shrimp Toasts.",Appetizers,Party Packs,N,N,N,N,430 g,430,17.99,Y,"Sesame-soy shrimp samosas: Filling: Jicama, Shrimp (shrimp, sodium phosphate), Guava, Green onions, Mung bean vermicelli, Sugar, Soybean oil, Soy sauce (soybeans, wheat, water, salt, sugar), Corn flour, Salt, Sesame oil. Wrapper: Water, Enriched wheat flour, Salt, Soybean oil, Soy lecithin, Modified tapioca starch. Shrimp and veggie purses: Filling: Shrimp (shrimp, sodium phosphate), Surimi (threadfin bream, sugar), Jicama, Carrots, Sugar, Soy sauce (soybeans, wheat, salt, water), Sauce (water, modified starch, salt, soy sauce powder, sugar, caramel, shiitake powder, yeast extract, soybean oil), Sesame oil, Soybean oil, Cilantro, Modified tapioca starch, Salt, Spices, Vegetable powder (onion powder, salt, cabbage powder, green onion powder, maltodextrin, carrot powder). Wrapper: Water, Enriched wheat flour, Salt, Soybean oil, Soy lecithin, Pandan leaves. Spicy kung pao shrimp rolls: Filling: Shrimp (shrimp, sodium phosphate), Green onions, Corn flour, Soybean oil, Garlic, Ginger, Miso paste (soybeans, rice, salt, water, yeast), Sesame oil, Salt, Chili flakes, Sugar, Salt, Garlic, Citric acid, Sesame seeds. Wrapper: Water, Enriched wheat flour, Salt, Soybean oil, Soy lecithin, Modified tapioca starch. Shrimp toasts: Filling: Shrimp (shrimp, sodium phosphate), Surimi (threadfin bream, sugar), Toasted wheat crumbs, Sugar, Garlic, Coriander root paste (garlic, sesame oil, soybean oil, coriander root, vegetable powder, sugar, salt, spices), Carrots, Sesame oil, Soybean oil, Soy sauce (soybeans, wheat, salt, water), Salt, Ginger, Cilantro, Spices. Bread: Enriched wheat flour, Corn starch, Palm oil shortening, Salt, Yeast, Sugar, Amylase. Orange-ginger sauce: Water, Sugars (sugar, orange juice), Ginger, Soy sauce, Corn starch, Soybean oil, Citric acid, Salt, Ginger powder, Garlic powder, Onion powder, Natural flavour, Xanthan Gum, Paprika. Contains: Shrimp, Wheat, Soy, Sesame, Fish.","Sesame seeds, Fish, Soy, Shellfish, Gluten",,,120,3,0.5,19,1,5,3,15,410,
848,Dipping Sauce Thai Style Sweet and Spicy,An Asian-inspired sauce with the perfect balance of sweet and heat.,Pantry essentials,Sauces,N,Y,N,N,350 mL,,5.99,Y,"Sugar, Water, Red jalapeño peppers, White vinegar, Modified corn starch, Salt, Dehydrated garlic, Dehydrated red bell peppers, Acetic acid.",,2 tbsp (30 mL),,80,0,0,19,0,18,0,0,280,10
403,Three Cheese Pasta Bake,It’s the cheesiest! Fusilli pasta goes for a dip in a to-die-for sauce made with old cheddar cheese and cream cheese and gets extra love from a old cheddar and part skim mozzarella cheese topper.,Prepared meals,Pasta Dishes,N,Y,N,N,2 lb / 907 g,907,14.99,Y,"Cooked pasta (water, durum wheat semolina), Water, Cheddar cheese (milk, bacterial culture, salt, calcium chloride, microbial enzyme, annatto), Cream (cream, skim milk), Cream cheese (milk ingredients, salt, guar gum, xanthan gum, locust bean gum, bacterial culture), Part skim mozzarella cheese (partly skimmed milk, salt, bacterial culture, calcium chloride, microbial enzyme), Milk ingredients, Modified corn starch, Seasoning, Salt, Beta-carotene. Contains: Milk, Wheat.","Milk, Gluten",1/3 tray (300 g),300,500,21,13,53,4,2,24,60,740,225
580,Three Cheese Pasta Bake,It’s the cheesiest! Fusilli pasta goes for a dip in a to-die-for sauce made with old cheddar cheese and cream cheese and gets extra love from an old cheddar and part skim mozzarella cheese topper.,Single serve,Classic Entrées,Y,Y,N,N,300 g,300,4.99,Y,"Cooked pasta (water, durum wheat semolina), Water, Cheddar cheese (milk, bacterial culture, salt, calcium chloride, microbial enzyme, annatto), Cream (cream, skim milk), Cream cheese (milk ingredients, salt, guar gum, xanthan gum, locust bean gum, bacterial culture), Part skim mozzarella cheese (partly skimmed milk, salt, bacterial culture, calcium chloride, microbial enzyme), Milk ingredients, Modified corn starch, Seasoning, Salt, Beta-carotene. Contains: Milk, Wheat.","Milk, Gluten",1 tray (300 g),300,490,24,14,48,2,5,20,80,820,150
4531,Three Cheese Quiche,"Bite into flaky, golden brown pastry crust and savour the rich blend of milk, eggs and Swiss, cheddar and mozzarella cheeses. These individually portioned pastry shells make for a deliciously decadent and easy-to-prep meal no matter what time hunger strikes.",Single serve,Quiche,Y,Y,N,N,170 g,170,5.99,Y,"Filling: Reconstituted milk (water, whole milk powder), Liquid whole egg, Onions, Swiss cheese (milk, partly skimmed milk, salt, bacterial culture, microbial enzymes, calcium chloride), Cheddar cheese (milk, bacterial culture, salt, calcium chloride, microbial enzymes, annatto), Mozzarella cheese (milk, modified milk ingredients, bacterial culture, salt, calcium chloride, microbial enzymes), Modified corn starch, Corn starch, Chives, Salt, Seasoning (yeast extract, salt, natural flavour), Onion powder, Garlic powder. Pastry: Enriched wheat flour, Modified palm oil and canola oil shortening, Water, Canola oil, Yeast, Salt, Sugars (dextrose), Enzymes. Contains: Milk, Egg, Wheat.","Egg, Milk, Gluten",1 quiche (170 g),170,420,27,12,27,2,4,17,180,590,225
4215,Tomato and Grilled Cheese Soup,"Take a bite into nostalgia with this classic combination. Intense tomato meets zesty cheddar and savoury croutons in a flavourful trifecta. Prepared with care and quality ingredients, this rainy day favourite soup will have you saying “there’s no taste like home”.",Single serve,Soups,Y,N,N,N,255 g,255,6.99,Y,"Water, Tomato paste, Cheddar cheese, Onions, Whole milk powder, Croutons (enriched wheat flour, sugar, modified sunflower oil, salt, yeast, ascorbic acid), Butter, Carrots, Canola oil, Garlic, Corn starch, Sugar, Sea salt, Enriched wheat flour, Yeast extract, Natural flavour, Lemon puree (concentrated lemon juice, water, lemon pulp, lemon peel, lemon oil), Spices, Cellulose.Contains: Wheat, Milk. May Contain: Sesame, Soy.","Sesame seeds, Soy, Milk, Gluten",Per 1 soup (255 g),255,270,14,8,24,3,13,12,40,590,800
4667,TOO TALL® Brownie Chunk Cream Cake,"Moist sponge cake with brownie chunks and creamy white mousse filling, topped with dark chocolate ganache, brownie chunks and white chocolatey drizzle. *Trademark of Celiac Canada. Used under license.",Desserts,Cakes,N,Y,N,Y,865 g,865,24.99,Y,"Ingredients: Whipping cream (milk ingredients, carrageenan, cellulose gel, cellulose gum), Sugars (sugar, glucose, blackstrap molasses, fancy molasses), Liquid whole egg, Water, White rice flour, Margarine (modified palm oil, modified palm kernel oil, canola oil), Cream cheese spread (milk ingredients, salt, guar gum, carob bean gum, bacterial culture), Canola oil, Semi-sweet chocolate (sugar, unsweetened chocolate, cocoa butter, soy lecithin, natural flavours), Potato starch, Cocoa powder, Frozen yolk mix (frozen yolk, sugar), Modified tapioca starch, Baking powder, White chocolaty coating (sugar, palm kernel and palm stearin, modified milk ingredients, soy lecithin, natural flavour), Dried egg white (dried egg white, citric acid, yeast), Modified corn starch, Skim milk powder, Xanthan gum, Salt, Natural flavour, Carrageenan blend (carrageenan, sugar), Corn starch, Sodium phosphate, Sodium alginate, Sodium bicarbonate. Contains: Egg, Milk, Soy. May contain: Peanuts, Tree nuts, Sulphites.","Peanuts, Egg, Soy, Treenuts, Milk, Sulfites",1/11 of cake (79 g),79,290,17,8,31,1,20,3,60,250,150
619,TOO TALL® Chocolate and Cream Cake,"This luscious, sweet treat — with layers of moist chocolate sponge cake, cream cheese–white chocolate mousse, rich chocolate ganache and a white chocolate drizzle — is an indulgent meal-ender. Did we mention that it’s gluten-free, too? *Trademark of Celiac Canada. Used under license.",Desserts,Cakes,N,Y,N,Y,900 g,900,24.99,Y,"Sugars (sugar, icing sugar, glucose, blackstrap molasses, fancy molasses), Whipping cream (milk ingredients, carrageenan, cellulose gel, cellulose gum), Cream cheese spread (milk ingredients, salt, guar gum, carob bean gum, bacterial culture), Water, Liquid whole egg, White chocolate (sugar, cocoa butter, whole milk powder, soy lecithin, natural vanilla flavour), Canola oil, Semi-sweet chocolate (sugar, unsweetened chocolate, cocoa butter, soy lecithin, flavours), Brown rice flour (brown rice, rice bran), Cocoa powder, Potato starch, White rice flour, Modified tapioca starch, Dried egg white (dried egg white, citric acid, yeast), White chocolatey coating (sugar, palm kernel and palm stearin, modified milk ingredients, soy lecithin, flavour), Baking powder, Baking soda, Modified corn starch, Xanthan gum, Salt, Flavour, Sodium phosphate, Sodium alginate. Contains: Egg, Milk, Soy. May Contain: Peanuts, Tree nuts, Sulphites","Peanuts, Egg, Soy, Treenuts, Milk, Sulfites",1/11 of cake (82 g),82,300,18,8,32,1,23,3,50,300,200
4385,TOO TALL® Country Harvest Carrot Cake,"Layers of lightly spiced carrot cake loaded with shredded carrots, pineapple, cranberries and crunchy walnuts topped with a layer of rich, cream cheese frosting.",Desserts,Cakes,N,N,N,N,900 g,900,24.99,Y,"Sugars (sugar, fondant [sugar, corn syrup, water], glucose), Cream cheese spread (milk ingredients, salt, guar gum, carob bean gum, bacterial culture), Liquid whole egg, Buttermilk (partly skimmed milk, salt, bacterial culture), Enriched wheat flour, Carrots, Whole wheat flour, Canola oil, Margarine (modified palm oil, modified palm kernel oil, canola oil),Sweetened pineapple (pineapple, sugar), Sweetened dried cranberries (cranberries, sugar, sunflower oil), Walnuts, Modified corn starch, Shortening (canola oil, modified palm oil, modified palm kernel oil), Baking soda, Dried egg white (dried egg white, citric acid, yeast), Acacia gum and xanthan gum blend, Spices, Salt, Glycerin, Natural flavour, Citric acid, Water, Xanthan gum. Contains: Milk, Wheat, Egg, Soy, Walnuts. May contain: Peanuts, Other tree nuts, Sulphites.","Peanuts, Egg, Soy, Treenuts, Milk, Gluten, Sulfites",1/11 of cake (82 g),82,290,13,4,40,1,25,3,35,260,100
638,TOO TALL® Lemon and Cream Cake,"Divine layers of fluffy shortcake, tangy lemon curd filling and rich whipped cream bring out the best in each other - A mouthwatering masterpiece that truly takes the cake. This towering thaw-and-serve treat is ready in minutes and will take your taste buds to new heights.",Desserts,Cakes,N,Y,N,N,1 kg,1000,24.99,Y,"Lemon filling (sugar, liquid whole egg, water, palm oil and soybean oil and modified palm oil shortening, concentrated lemon juice, modified corn starch, lemon puree, flavour, turmeric, annatto), Whipping cream (cream, milk, carrageenan, cellulose gel, cellulose gum), Sugars (sugar, icing sugar), Enriched wheat flour, Water, Liquid whole egg, Canola oil, Skim milk powder, Baking powder, Modified corn starch, Salt, Flavour, Sodium phosphate, Sodium alginate. Contains: Egg, Milk, Wheat. May contain: Soy, Peanuts, Tree nuts, Sulphites.","Peanuts, Egg, Soy, Treenuts, Milk, Gluten, Sulfites",1/12 of cake (83 g),83,270,14,6,33,1,26,4,65,200,75
662,TOO TALL® Strawberry Shortcake,"There’s a reason why this cake has been one of our top sellers since the 1980s: it’s unrivaled. Our towering, bar-shaped creation includes dairy-fresh whipped cream, scrumptious strawberry slices and strawberry purée smoothed between three layers of golden shortcake. This thaw-and-serve treat is ready in minutes and will take your taste buds to new heights.",Desserts,Cakes,N,Y,N,N,1 kg,1000,24.99,Y,"Sugars (sugar, strawberry purée, icing sugar), Whipping cream (cream, milk, carrageenan, cellulose gel, cellulose gum), Water, Sweetened strawberries (strawberries, sugar), Enriched wheat flour, Liquid whole egg, Canola oil, Modified corn starch, Skim milk powder, Baking powder, Modified tapioca starch, Salt, Sodium alginate, Flavour, Sodium phosphate, Concentrated lemon juice, Dicalcium phosphate, Xanthan gum. Contains: Milk, Egg, Wheat. May contain: Soy, Peanuts, Tree nuts, Sulphites.","Peanuts, Egg, Soy, Treenuts, Milk, Gluten, Sulfites",1/12 of cake (83 g),83,230,11,4.5,30,1,20,2,35,200,75
640,TOO TALL® Tuxedo Truffle Cake,"Layers of marble cake covered in white and dark chocolate mousse, finished with a chocolate ganache glaze and chocolaty drizzle.",Desserts,Cakes,N,Y,N,N,1 kg,1000,24.99,Y,"Whipping cream (milk ingredients, cellulose gel, carrageenan, cellulose gum), Sugars (sugar, icing sugar, glucose, blackstrap molasses, fancy molasses), Liquid whole egg, Semi-sweet chocolate (sugar, unsweetened chocolate, cocoa butter, soy lecithin, natural flavour), Enriched wheat flour, Water, Cream cheese spread (milk ingredients, salt, guar gum, carob bean gum, bacterial culture), Canola oil, White chocolate (sugar, cocoa butter, whole milk powder, soy lecithin, vanilla flavour), Sour cream (milk ingredients, guar gum, propylene glycol alginate, xanthan gum, carrageenan, carob bean gum, bacterial culture, microbial enzymes), Skim milk powder, Baking powder, Modified corn starch, Margarine (modified palm oil, modified palm kernel oil, canola oil), Cocoa powder, White chocolaty coating (sugar, palm kernel and palm stearin, modified milk ingredients, soy lecithin, natural flavour), Chocolaty coating (sugar, palm kernel stearin, cocoa powder, modified milk ingredients, soy lecithin, vanilla extract), Salt, Sodium bicarbonate, Sodium phosphate, Natural flavour, Dried egg white (dried egg white, citric acid, yeast), Sodium alginate. Contains: Egg, Milk, Wheat, Soy. May contain: Peanuts, Tree nuts, Sulphites.","Peanuts, Egg, Soy, Treenuts, Milk, Gluten, Sulfites",1/12 of cake (83 g),83,300,19,10,30,1,21,3,60,220,150
695,TOO TALL® White Chocolate Raspberry Cake,"Fall head over heels for this sweet knockout of a cake. Alternating layers of white chocolate whipped cream, sweet-tart raspberry filling and fluffy shortcake combine for a swoon-worthy finish to an elegant dinner. This towering thaw-and-serve treat is ready in minutes and will take your taste buds to new heights.",Desserts,Cakes,N,Y,N,N,1 kg,1000,24.99,Y,"Whipping cream (cream, cellulose gel, carrageenan, cellulose gum), Raspberry filling (liquid invert sugar, raspberry purée, water, modified corn starch, sugar, black currant purée, concentrated raspberry juice, flavour, concentrated lemon juice, citric acid, adipic acid, salt, xanthan gum, cellulose), Sugars (sugar, icing sugar), Enriched wheat flour, Water, Liquid whole egg, White chocolate (sugar, cocoa butter, whole milk powder, soy lecithin, vanilla flavour), Canola oil, Skim milk powder, Baking powder, White chocolaty coating (sugar, palm kernel and palm stearin, modified milk ingredients, soy lecithin, flavour), Modified corn starch, Salt, Sodium phosphate, Sodium alginate, Flavour. Contains: Egg, Milk, Wheat, Soy. May contain: Peanuts, Tree nuts, Sulphites.","Peanuts, Egg, Soy, Treenuts, Milk, Gluten, Sulfites",1/12 of cake (83 g),83,260,13,6,33,1,24,3,45,230,100
4142,Tropical Breeze Fruit Bars,"Made with real fruit, these refreshing frozen treats are the perfect natural snack with a splash of fruity sweetness.",Desserts,Ice Cream & Novelties,N,Y,N,N,534 mL,,9.99,Y,"Water, Fruit Blend (Strawberries, Pineapples, Mangoes, Passion Fruit, Coconut Flakes, Ascorbic Acid), Cane Sugar, Guar Gum, Carob Bean Gum, Citric Acid.",,Per 1 bar (89 mL),,80,0,0,21,0,19,0,0,10,50
4693,Tropical Green Bowl 10cm,Porcelain. Oven safe up to 280°C. Dishwasher and microwave safe. 10cm diameter.,Kitchen essentials,Serveware and Decor,N,N,N,N,,,4.99,Y,,,,,,,,,,,,,,
4688,Tropical Green Bowl 15cm,Porcelain. Oven safe up to 280°C. Dishwasher and microwave safe. 15cm diameter.,Kitchen essentials,Serveware and Decor,N,N,N,N,,,10.99,Y,,,,,,,,,,,,,,
5008,Turkey Breast Roast,"Boneless seasoned turkey breast roast. Raised by Canadian farmers. 17% meat protein. Cook thoroughly. Savour the succulent, tender flavours of our Turkey Breast Roast, featuring turkey raised by Canadian farmers and perfectly seasoned to impress. Juicy and delicious, it’s the ideal choice for those who want all the richness of roasted turkey without the long wait. With its easy preparation, you can enjoy a gourmet meal in a fraction of the time. Individually packaged in oven-ready pouch.",Butcher,Roasts,N,N,N,N,875 g,875,29.99,Y,"Turkey, Water, Rice starch, Salt, Sodium phosphate, Sugar, Flavours, Modified corn starch, Chicken broth, Dehydrated vegetables (garlic, onions), Spices, Yeast extract, Spice extract.",,1/7 of roast (125 g),125,120,1,0.3,1,0,0,26,55,330,400
248,Turkey Meatballs,Our pre-cooked turkey meatballs are versatile and can be used instead of beef or pork meatballs in recipes with spaghetti or as hors d'oeuvres.,Appetizers,Meatballs,N,N,N,N,750 g,750,14.99,Y,"Turkey, Water, Soybean Oil, Toasted Wheat Crumbs, Salt, Soy Protein, Spices, Onion Powder, Dehydrated Red Bell Peppers, Garlic Powder. Contains: Soy, Wheat.","Soy, Gluten",6 meatballs (56 g),56,90,4,1,2,1,0,10,30,260,125
4596,Ultimate Sauce,"Sweet, smoky and tangy – All-in-one.",Pantry essentials,Sauces,N,N,N,N,350 mL,,5.99,Y,"Soybean oil, Sugar, Water, Prepared mustard (vinegar, water, mustard seeds, salt, turmeric, paprika, spices, garlic powder), White vinegar, Frozen yolk, Tomato paste, Salt, Cider vinegar, Flavour, Concentrated lemon juice, Smoke flavour, Dehydrated garlic, Dehydrated onions, Caramel, Chili seasoning, Xanthan gum, Spices, Calcium disodium EDTA. Contains: Egg, Mustard.","Egg, Mustard",Per 2 tbsp (30 mL),,160,15,2,7,1,7,0,5,170,20
4675,Vanilla Bean Cheesecake Bites,"Made from vanilla beans from the exotic Indonesian vanilla orchids, these tempting treats feature a vanilla bean cheesecake centre draped in white chocolaty coating and topped with mini chocolate chips.",Desserts,Bite Sized,N,Y,N,N,300 g,300,14.99,Y,"Cream cheese (milk ingredients, cheese culture, salt, carob bean gum and/or guar gum and/or xanthan gum), Chocolate flavoured coating (sugar, palm kernel oil, milk ingredients, cocoa butter, soy lecithin, flavour, salt), Sugar, Liquid whole egg, Sour cream (cream, bacterial culture, enzymes), Palm oil shortening, Vanilla bean paste (sugar, water, vanilla extract, vanilla bean specks, gum tragacanth), Chocolate chips (sugar, unsweetened chocolate, cocoa butter, dextrose, soy lecithin, milk fat), Modified corn starch, Milk ingredients, Cocoa butter, Vanilla extract, Soybean oil, Soy lecithin.Contains: Egg, Milk, Soy. May contain: Tree nuts, Wheat","Egg, Soy, Milk",3 pieces (60 g),60,240,15,10,22,0,21,3,45,115,
490,Vegetable Egg Rolls,Fully cooked egg rolls filled with a medley of garden vegetables and wrapped in a traditional crispy egg roll dough.,Appetizers,Rolls,N,Y,N,N,570 g,570,9.99,Y,"Filling (cabbage, celery, carrots, corn, peas, onions, sugar, modified corn starch, salt, spices), Wrapper (enriched wheat flour, water, liquid whole egg, salt, sodium propionate, mono- and di-glycerides, sodium stearoyl-2-lactylate), Canola oil. Contains: Wheat, Egg. May contain: Soy.","Egg, Soy, Gluten",1 egg roll (57 g),57,100,2,0.2,17,2,4,3,0,210,100
5120,Veggie Burger,"Fire up the grill with these vegan veggie burgers made with plant-based proteins and savoury seasonings. A source of iron, these burgers make it easy to add a vegetarian and vegan-friendly option to any BBQ.",Butcher,Burgers,N,N,N,N,907 g,907,19.99,Y,"Water, Soy protein concentrate, Seasoning (soy protein, yeast extract, dried onions, methylcellulose, wheat gluten, dried garlic, sugar, spices, torula yeast, salt, caramel, natural flavour, sodium phosphate, hydrolyzed soy protein, sesame seed oil), Canola oil, Ketchup (tomato paste, liquid sugar, white vinegar, salt, onion powder, spices). Contains: Soy, Wheat, Sesame.","Sesame seeds, Soy, Gluten",1 burger (113 g),113,190,7,0.5,12,5,3,20,0,400,600
5006,Veggies & Rice,"Blanched carrots, peas, corn and mushrooms with cooked long grain rice. Frozen at the peak of freshness.",Sides,Rice,N,N,N,N,500 g,500,5.99,Y,"White long grain rice (water, rice), Corn, Carrots, Peas, Mushrooms.",,3/4 cup (140 g),140,150,1,0.3,31,4,1,3,0,25,175
5118,Wagyu Beef Dumplings,"These Wagyu beef dumplings bring an elevated, restaurant-quality taste straight to your table. The thin wrapper allows the rich, savoury filling to shine, while the dipping sauce included enhances every bite. Quick and convenient, they’re perfect for an impressive appetizer or an effortless weeknight dinner.",Appetizers,Meat & Poultry,N,N,N,N,500g,500,12.99,Y,"Filling: Wagyu beef, Cabbage, Water, Onions, Soy sauce (water, soybeans, wheat, salt), Green onions, Ginger, Yeast extract, Modified corn starch, Sesame oil, Salt, Sugar, Spices, Garlic powder, Onion powder. Wrapper: Enriched wheat flour, Water, Canola oil, Salt, Sugar. Sauce: Soy sauce (water, soybeans, wheat, salt), Sugar, Water, Vinegar, Sesame oil. Sauce: Soy sauce (water, soybeans, wheat, salt), Sugar, Water, Vinegar, Sesame oil. Contains: Wheat, Soy, Sesame.","Sesame seeds, Soy, Gluten",about 5 dumplings and 1/4 sauce pouch (122 g),122,220,10,4.5,24,1,2,9,10,750,225
4643,Wagyu Beef Sliders,"Experience gourmet dining at your convenience with our signature sliders. Made exclusively with 100% premium Wagyu beef, each mini burger is lightly seasoned to enhance and celebrate the natural richness and tenderness of the high-quality cut. *Trademark of Celiac Canada. Used under license.",Butcher,Burgers,N,N,N,Y,459 g,459,12.99,Y,"Wagyu beef, Water, Seasoning (salt, flavour, beef broth, sugars [dextrose, maltodextrin, glucose solids], spices, onion extract, garlic extract, spice extracts).",,Per 2 sliders (102 g),102,220,16,6,4,1,0,15,55,410,225
4261,White Cheddar Mac & Cheese with Bacon,Experience the decadence of al dente macaroni noodles coated in a rich white cheddar cheese sauce with a generous topping of breadcrumbs and bacon to satisfy your comfort food cravings.,Prepared meals,Pasta Dishes,N,N,N,N,907 g,907,14.99,Y,"Cooked macaroni noodles (water, durum wheat semolina), Water, White cheddar cheese (unpasteurized milk, bacterial culture, salt, calcium chloride, microbial enzyme), Cream (cream, skim milk), Cheddar cheese flavour base (cheddar cheese concentrate [cheddar cheese {milk, cheese cultures, salt, enzymes}, water, sodium phosphate, enzymes], salt, yeast extract, corn oil, sweet cream, butter [cream, natural flavour], whey, sugar, mustard seeds, natural flavour), Cream cheese (milk, cream, skim milk, salt, guar gum, xanthan gum, locust bean gum, bacterial culture), Modified corn starch, Bacon bits, Toasted wheat crumbs, Spices. Contains: Wheat, Milk, Mustard.","Milk, Gluten, Mustard",1/3 of tray (300 g),300,400,17,11,43,2,5,18,45,1140,125
4331,Wonton Soup,Pork wonton dumplings in a savoury broth with shredded Napa cabbage.,Single serve,Soups,Y,N,N,N,400 mL,,6.99,Y,"Water, Pork wontons (pork, durum wheat semolina, water, enriched wheat flour, water chestnuts, liquid egg white, potato starch, liquid whole egg, salt, sugar), Napa cabbage, Sugar, Chicken flavour (salt, natural flavour, turmeric), Salt, Yeast extract, Disodium guanylate, Disodium inosinate. Contains: Wheat, Egg.","Egg, Gluten",1 cup (250 mL),,140,1,0.4,25,1,2,8,10,810,125
